{"name":"678c2155-91d5-4adf-84d3-84f31999bd54","id":"/providers/Microsoft.Flow/flows/678c2155-91d5-4adf-84d3-84f31999bd54","type":"Microsoft.Flow/flows","properties":{"apiId":"/providers/Microsoft.PowerApps/apis/shared_logicflows","displayName":"eLeave Cut-Off - New Item","definition":{"metadata":{"workflowEntityId":null,"creator":{"id":"e8604e7c-586c-4c98-8b3c-566181342c4f","type":"User","tenantId":"a87e6ba4-d7ec-4ef4-991c-fe8f3fba3243"},"provisioningMethod":"FromDefinition","failureAlertSubscription":true,"clientLastModifiedTime":"2020-03-27T10:27:36.7357211Z"},"$schema":"https://schema.management.azure.com/providers/Microsoft.Logic/schemas/2016-06-01/workflowdefinition.json#","contentVersion":"1.0.0.0","parameters":{"$connections":{"defaultValue":{},"type":"Object"},"$authentication":{"defaultValue":{},"type":"SecureObject"},"sharepoint.site":{"defaultValue":"","type":"String"},"sharepoint.list":{"defaultValue":"","type":"String"}},"triggers":{"When_a_new_item_is_created":{"recurrence":{"frequency":"Minute","interval":5},"splitOn":"@triggerBody()?.value","metadata":{"flowSystemMetadata":{"swaggerOperationId":"GetOnNewItems"}},"type":"ApiConnection","inputs":{"host":{"connection":{"name":"@parameters('$connections')['shared_sharepointonline_2']['connectionId']"},"api":{"runtimeUrl":"https://asia-001.azure-apim.net/apim/sharepointonline"}},"method":"get","path":"/datasets/@{encodeURIComponent(encodeURIComponent('https://allotech.sharepoint.com/sites/Apps/eLeave'))}/tables/@{encodeURIComponent(encodeURIComponent('b227e807-c539-4f2d-a287-bef042f3f4f9'))}/onnewitems","authentication":"@parameters('$authentication')"},"conditions":[]}},"actions":{"Initialize_varCO":{"runAfter":{},"type":"InitializeVariable","inputs":{"variables":[{"name":"varCO","type":"Float","value":0}]}},"Initialize_varUserEmailLP":{"runAfter":{"Initialize_varUserEmail":["Succeeded"]},"type":"InitializeVariable","inputs":{"variables":[{"name":"varUserEmailLP","type":"String"}]}},"Initialize_varUserEmail":{"runAfter":{"Initialize_varUserName":["Succeeded"]},"type":"InitializeVariable","inputs":{"variables":[{"name":"varUserEmail","type":"String"}]}},"Initialize_varCutOffYearBalance":{"runAfter":{"Initialize_varCOPONotes":["Succeeded"]},"type":"InitializeVariable","inputs":{"variables":[{"name":"varCutOffYearBalance","type":"Float","value":0}]}},"Initialize_varCurentYearBalance":{"runAfter":{"Initialize_varCutOffYearBalance":["Succeeded"]},"type":"InitializeVariable","inputs":{"variables":[{"name":"varCurentYearBalance","type":"Float","value":0}]}},"Initialize_varCurentYearNewBalance":{"runAfter":{"Initialize_varCurentYearBalance":["Succeeded"]},"type":"InitializeVariable","inputs":{"variables":[{"name":"varCurentYearNewBalance","type":"Float","value":0}]}},"Initialize_varGotAnnualItemForCutoff":{"runAfter":{"Initialize_varUserEmailLP":["Succeeded"]},"type":"InitializeVariable","inputs":{"variables":[{"name":"varGotAnnualItemForCutoff","type":"Boolean","value":false}]}},"Initialize_varCurYearActiveAnnualAssID":{"runAfter":{"Initialize_varGotAnnualItemForCurYear":["Succeeded"]},"type":"InitializeVariable","inputs":{"variables":[{"name":"varCurYearActiveAnnualAssID","type":"Integer","value":0}]}},"Initialize_varUserName":{"runAfter":{"Initialize_varCurentYearNewBalance":["Succeeded"]},"type":"InitializeVariable","inputs":{"variables":[{"name":"varUserName","type":"String"}]}},"Initialize_varCutOffYearAnnualAssID":{"runAfter":{"Initialize_varCurYearActiveAnnualAssID":["Succeeded"]},"type":"InitializeVariable","inputs":{"variables":[{"name":"varCutOffYearAnnualAssID","type":"Integer","value":0}]}},"Initialize_varGotAnnualItemForCurYear":{"runAfter":{"Initialize_varGotAnnualItemForCutoff":["Succeeded"]},"type":"InitializeVariable","inputs":{"variables":[{"name":"varGotAnnualItemForCurYear","type":"Boolean","value":false}]}},"Initialize_varCutOffNotes":{"runAfter":{"Initialize_varCutOffYearAnnualAssID":["Succeeded"]},"type":"InitializeVariable","inputs":{"variables":[{"name":"varCutOffNotes","type":"String"}]}},"Send_an_email":{"runAfter":{"For_each_Leave_App_Users":["Succeeded"]},"metadata":{"flowSystemMetadata":{"swaggerOperationId":"SendEmail"}},"type":"ApiConnection","inputs":{"host":{"connection":{"name":"@parameters('$connections')['shared_office365_1']['connectionId']"},"api":{"runtimeUrl":"https://asia-001.azure-apim.net/apim/office365"}},"method":"post","body":{"To":"srkksharepoint@allo.my;supersrkk@allo.my","Subject":"Leave Application cut-off for year @{triggerBody()?['Year']} is completed","Body":"<div style=\"padding:10px 20px; font-size:14px;\">\n<b>Yearly cut-off for annual leave assignments for the year @{triggerBody()?['Year']} is created.</b><br>\n<hr>\nCut-off schedule: <a href=\"https://srkk.sharepoint.com/sites/Apps/eLeave/Lists/CutOffSchedule/DispForm.aspx?ID=@{triggerBody()?['ID']}\" target=\"_blank\">@{triggerBody()?['Title']}</a>\nClick below link to view the cut-off records:<br>\n<a href=\"https://srkk.sharepoint.com/sites/Apps/eLeave/Lists/CutoffRecords\" target=\"_blank\">Cut-off Records</a><br>\n<br>\n<br>\n<br>\n<small style=\"color:red;\">(This is a system generated email, do NOT reply)</small>\n</div>","Bcc":"office365@srkk.com","IsHtml":true},"path":"/Mail","authentication":"@parameters('$authentication')"}},"Initialize_varJobLevel":{"runAfter":{"Initialize_varHalfEntitlement":["Succeeded"]},"type":"InitializeVariable","inputs":{"variables":[{"name":"varJobLevel","type":"string"}]}},"Initialize_varMinSY":{"runAfter":{"Initialize_varJobLevel":["Succeeded"]},"type":"InitializeVariable","inputs":{"variables":[{"name":"varMinSY","type":"float"}]}},"Initialize_varMaxSY":{"runAfter":{"Initialize_varMinSY":["Succeeded"]},"type":"InitializeVariable","inputs":{"variables":[{"name":"varMaxSY","type":"float"}]}},"Initialize_varHalfEntitlement":{"runAfter":{"Initialize_varEntitlement":["Succeeded"]},"type":"InitializeVariable","inputs":{"variables":[{"name":"varHalfEntitlement","type":"float","value":0}]}},"Initialize_varEntitlement":{"runAfter":{"Initialize_varCutOffNotes":["Succeeded"]},"type":"InitializeVariable","inputs":{"variables":[{"name":"varEntitlement","type":"float","value":0}]}},"Initialize_varCOPONotes":{"runAfter":{"Initialize_varLeaveId":["Succeeded"]},"type":"InitializeVariable","inputs":{"variables":[{"name":"varCOPONotes","type":"string"}]}},"Get_Job_Level":{"runAfter":{"Initialize_varMaxSY":["Succeeded"]},"metadata":{"flowSystemMetadata":{"swaggerOperationId":"GetItems"}},"type":"ApiConnection","inputs":{"host":{"connection":{"name":"@parameters('$connections')['shared_sharepointonline_2']['connectionId']"},"api":{"runtimeUrl":"https://asia-001.azure-apim.net/apim/sharepointonline"}},"method":"get","path":"/datasets/@{encodeURIComponent(encodeURIComponent('https://allotech.sharepoint.com/sites/Apps/eLeave'))}/tables/@{encodeURIComponent(encodeURIComponent('5b49185d-627d-4a19-9267-fda4e91eb0e5'))}/items","authentication":"@parameters('$authentication')"}},"For_each_JobLevel":{"foreach":"@body('Get_Job_Level')?['value']","actions":{"Set_varJobLevel1":{"runAfter":{},"type":"SetVariable","inputs":{"name":"varJobLevel","value":"@items('For_each_JobLevel')?['Title']"}}},"runAfter":{"Get_Job_Level":["Succeeded"]},"type":"Foreach"},"Get_Leave_App_Users_items":{"runAfter":{"For_each_JobLevel":["Succeeded"]},"metadata":{"flowSystemMetadata":{"swaggerOperationId":"GetItems"}},"type":"ApiConnection","inputs":{"host":{"connection":{"name":"@parameters('$connections')['shared_sharepointonline_2']['connectionId']"},"api":{"runtimeUrl":"https://asia-001.azure-apim.net/apim/sharepointonline"}},"method":"get","path":"/datasets/@{encodeURIComponent(encodeURIComponent('https://allotech.sharepoint.com/sites/Apps/eLeave'))}/tables/@{encodeURIComponent(encodeURIComponent('66785e67-f61b-4814-bdca-5a84ad38be90'))}/items","authentication":"@parameters('$authentication')"}},"For_each_Leave_App_Users":{"foreach":"@body('Get_Leave_App_Users_items')?['value']","actions":{"Set_varUserEmailLP":{"runAfter":{"Set_varUserName":["Succeeded"]},"type":"SetVariable","inputs":{"name":"varUserEmailLP","value":"@{split(items('For_each_Leave_App_Users')?['Staff']?['Email'], '@')[0]}"}},"Set_varUserEmail":{"runAfter":{"Set_varUserEmailLP":["Succeeded"]},"type":"SetVariable","inputs":{"name":"varUserEmail","value":"@{items('For_each_Leave_App_Users')?['Staff']?['Email']}"}},"Get_Leave_Assignment_by_cut_off_year":{"runAfter":{"For_each_Entitlement_items":["Succeeded"]},"metadata":{"flowSystemMetadata":{"swaggerOperationId":"GetItems"}},"type":"ApiConnection","inputs":{"host":{"connection":{"name":"@parameters('$connections')['shared_sharepointonline_2']['connectionId']"},"api":{"runtimeUrl":"https://asia-001.azure-apim.net/apim/sharepointonline"}},"method":"get","path":"/datasets/@{encodeURIComponent(encodeURIComponent('https://allotech.sharepoint.com/sites/Apps/eLeave'))}/tables/@{encodeURIComponent(encodeURIComponent('29eb481f-26cf-4bd0-a9a9-be050e18436e'))}/items","queries":{"$filter":"Staff/EMail eq '@{variables('varUserEmail')}' and (Year eq @{triggerBody()?['Year']} and (LeaveType/Title eq 'Annual' and (Active eq 1 and CutoffDone ne 1)))","$orderby":"ID desc","$top":1},"authentication":"@parameters('$authentication')"}},"If_leave_ass_found_for_cut_off_year":{"actions":{"Properties_for_ass_item_by_cut_off_year":{"foreach":"@body('Get_Leave_Assignment_by_cut_off_year')?['value']","actions":{"Set_varCutOffYearBalance":{"runAfter":{},"type":"SetVariable","inputs":{"name":"varCutOffYearBalance","value":"@items('Properties_for_ass_item_by_cut_off_year')?['Balance']"}},"If_cut_off_balance_is_ge_5":{"actions":{"Set_varCO_as_half_entitlement_value":{"runAfter":{},"type":"SetVariable","inputs":{"name":"varCO","value":"@variables('varHalfEntitlement')"}}},"runAfter":{"Set_varCutOffYearAnnualAssID":["Succeeded"]},"else":{"actions":{"Set_varCO_as_cut_off_year_balance":{"runAfter":{},"type":"SetVariable","inputs":{"name":"varCO","value":"@variables('varCutOffYearBalance')"}}}},"expression":{"greaterOrEquals":["@variables('varCutOffYearBalance')","@variables('varHalfEntitlement')"]},"type":"If","description":"If cut off balance is ge 5, set CO as 5. Else, set cut off balance as value of CO and PO to 0."},"Set_varCutOffYearAnnualAssID":{"runAfter":{"Set_varCutOffYearBalance":["Succeeded"]},"type":"SetVariable","inputs":{"name":"varCutOffYearAnnualAssID","value":"@items('Properties_for_ass_item_by_cut_off_year')?['ID']"}}},"runAfter":{"Set_varCutOffNotes_as_cutoff_done":["Succeeded"]},"type":"Foreach","description":"Properties of annual leave ass to be cut-off."},"Set_varGotAnnualItemForCutoff_to_true":{"runAfter":{},"type":"SetVariable","inputs":{"name":"varGotAnnualItemForCutoff","value":true}},"Get_leave_assignment_for_current_year":{"runAfter":{"Properties_for_ass_item_by_cut_off_year":["Succeeded"]},"metadata":{"flowSystemMetadata":{"swaggerOperationId":"GetItems"}},"type":"ApiConnection","inputs":{"host":{"connection":{"name":"@parameters('$connections')['shared_sharepointonline_2']['connectionId']"},"api":{"runtimeUrl":"https://asia-001.azure-apim.net/apim/sharepointonline"}},"method":"get","path":"/datasets/@{encodeURIComponent(encodeURIComponent('https://allotech.sharepoint.com/sites/Apps/eLeave'))}/tables/@{encodeURIComponent(encodeURIComponent('29eb481f-26cf-4bd0-a9a9-be050e18436e'))}/items","queries":{"$filter":"Staff/EMail eq '@{variables('varUserEmail')}' and (Year eq @{add(triggerBody()?['Year'], 1)} and (LeaveType/Title eq 'Annual' and Active eq 1))","$top":1},"authentication":"@parameters('$authentication')"},"description":"Current year = (Cut-off Year + 1)"},"If_there_is_assignment_for_current_year":{"actions":{"Leave_Assignment_props_for_current_year":{"foreach":"@body('Get_leave_assignment_for_current_year')?['value']","actions":{"Set_varCurentYearBalance":{"runAfter":{},"type":"SetVariable","inputs":{"name":"varCurentYearBalance","value":"@items('Leave_Assignment_props_for_current_year')?['Balance']"}},"Set_varCurentYearNewBalance":{"runAfter":{"Set_varCurentYearBalance":["Succeeded"]},"type":"SetVariable","inputs":{"name":"varCurentYearNewBalance","value":"@add(variables('varCurentYearBalance'), variables('varCO'))"}},"Update_Balance_CO_and_PO_of_current_year_active_Annual_ass":{"runAfter":{"Set_varCurYearActiveAnnualAssID":["Succeeded"]},"metadata":{"flowSystemMetadata":{"swaggerOperationId":"PatchItem"}},"type":"ApiConnection","inputs":{"host":{"connection":{"name":"@parameters('$connections')['shared_sharepointonline_2']['connectionId']"},"api":{"runtimeUrl":"https://asia-001.azure-apim.net/apim/sharepointonline"}},"method":"patch","body":{"UID":"@items('Leave_Assignment_props_for_current_year')?['UID']","Title":"@items('Leave_Assignment_props_for_current_year')?['Title']","DueDate":"@items('Leave_Assignment_props_for_current_year')?['DueDate']","Balance":"@variables('varCurentYearNewBalance')","Taken":"@items('Leave_Assignment_props_for_current_year')?['Taken']","CarryOver":"@variables('varCO')","Year":"@items('Leave_Assignment_props_for_current_year')?['Year']","SpecifyApprover":"@items('Leave_Assignment_props_for_current_year')?['SpecifyApprover']","PastDateBooking":"@items('Leave_Assignment_props_for_current_year')?['PastDateBooking']","PrevBalance":"@variables('varCutOffYearBalance')","Active":true,"Notes":"Remaining balance of previous item with id@{variables('varCutOffYearAnnualAssID')} was added to this item. New balance is @{variables('varCurentYearNewBalance')} and CO is @{variables('varCO')}. Previous item's balance was @{variables('varCutOffYearBalance')}.","PrevItemCutoffDate":"@{utcNow()}","PredecessorID":"@variables('varCutOffYearAnnualAssID')","LeaveType":{"Id":"@items('Leave_Assignment_props_for_current_year')?['LeaveType']?['Id']"},"Staff":{"Claims":"@items('Leave_Assignment_props_for_current_year')?['Staff']?['Claims']"}},"path":"/datasets/@{encodeURIComponent(encodeURIComponent('https://allotech.sharepoint.com/sites/Apps/eLeave'))}/tables/@{encodeURIComponent(encodeURIComponent('29eb481f-26cf-4bd0-a9a9-be050e18436e'))}/items/@{encodeURIComponent(items('Leave_Assignment_props_for_current_year')?['ID'])}","authentication":"@parameters('$authentication')"},"description":"Set Balance=(CO + current year active annual assignment). PO=prev active (cut-off item) annual ass balance. *max of 5. CO=prev active (cut-off item) annual ass (balance – 5) *max of 5. PrevBalance = prev active annual ass."},"Set_varCurYearActiveAnnualAssID":{"runAfter":{"Set_varCurentYearNewBalance":["Succeeded"]},"type":"SetVariable","inputs":{"name":"varCurYearActiveAnnualAssID","value":"@items('Leave_Assignment_props_for_current_year')?['ID']"}}},"runAfter":{"Set_varGotAnnualItemForCurYear_to_true":["Succeeded"]},"type":"Foreach"},"Get_cutoff_item_properties":{"foreach":"@body('Get_Leave_Assignment_by_cut_off_year')?['value']","actions":{"Deactivate_cutoff_item":{"runAfter":{},"metadata":{"flowSystemMetadata":{"swaggerOperationId":"PatchItem"}},"type":"ApiConnection","inputs":{"host":{"connection":{"name":"@parameters('$connections')['shared_sharepointonline_2']['connectionId']"},"api":{"runtimeUrl":"https://asia-001.azure-apim.net/apim/sharepointonline"}},"method":"patch","body":{"UID":"@items('Get_cutoff_item_properties')?['UID']","Title":"@items('Get_cutoff_item_properties')?['Title']","DueDate":"@items('Get_cutoff_item_properties')?['DueDate']","Balance":"@items('Get_cutoff_item_properties')?['Balance']","Taken":"@items('Get_cutoff_item_properties')?['Taken']","CarryOver":"@items('Get_cutoff_item_properties')?['CarryOver']","Year":"@items('Get_cutoff_item_properties')?['Year']","SpecifyApprover":"@items('Get_cutoff_item_properties')?['SpecifyApprover']","Entitlement":"@items('Get_cutoff_item_properties')?['Entitlement']","PastDateBooking":"@items('Get_cutoff_item_properties')?['PastDateBooking']","PrevBalance":"@items('Get_cutoff_item_properties')?['PrevBalance']","Active":false,"DateDeactivated":"@{utcNow()}","Payout":"@items('Get_cutoff_item_properties')?['Payout']","Notes":"@{items('Get_cutoff_item_properties')?['Notes']}. Balance transfered to Leave Assignment item ID @{variables('varCurYearActiveAnnualAssID')}","ThisItemCutoffDate":"@{utcNow()}","PrevItemCutoffDate":"@items('Get_cutoff_item_properties')?['PrevItemCutoffDate']","PredecessorID":"@items('Get_cutoff_item_properties')?['PredecessorID']","SuccessorID":"@variables('varCurYearActiveAnnualAssID')","CutoffDone":true,"LeaveType":{"Id":"@items('Get_cutoff_item_properties')?['LeaveType']?['Id']"},"Staff":{"Claims":"@items('Get_cutoff_item_properties')?['Staff']?['Claims']"}},"path":"/datasets/@{encodeURIComponent(encodeURIComponent('https://allotech.sharepoint.com/sites/Apps/eLeave'))}/tables/@{encodeURIComponent(encodeURIComponent('29eb481f-26cf-4bd0-a9a9-be050e18436e'))}/items/@{encodeURIComponent(items('Get_cutoff_item_properties')?['ID'])}","authentication":"@parameters('$authentication')"}}},"runAfter":{"Leave_Assignment_props_for_current_year":["Succeeded"]},"type":"Foreach"},"Set_varGotAnnualItemForCurYear_to_true":{"runAfter":{},"type":"SetVariable","inputs":{"name":"varGotAnnualItemForCurYear","value":true}}},"runAfter":{"Get_leave_assignment_for_current_year":["Succeeded"]},"else":{"actions":{"Set_varGotAnnualItemForCurYear_to_false":{"runAfter":{},"type":"SetVariable","inputs":{"name":"varGotAnnualItemForCurYear","value":false}}}},"expression":{"greater":["@length(body('Get_leave_assignment_for_current_year')?['value'])",0]},"type":"If","description":"Check if there is already annual assignment for current year (cut off year + 1). Probably there is already created since yearly assignment happens on January 1st week."},"Set_varCutOffNotes_as_cutoff_done":{"runAfter":{"Set_varGotAnnualItemForCutoff_to_true":["Succeeded"]},"type":"SetVariable","inputs":{"name":"varCutOffNotes","value":"Annual leave assignment ID @{variables('varCutOffYearAnnualAssID')} was found for cut-off and was deactivated."}}},"runAfter":{"Get_Leave_Assignment_by_cut_off_year":["Succeeded"]},"else":{"actions":{"Set_varGotAnnualItemForCutoff_to_false":{"runAfter":{},"type":"SetVariable","inputs":{"name":"varGotAnnualItemForCutoff","value":false}},"Set_varCutOffNotes_as_cutoff_skipped":{"runAfter":{"Set_varGotAnnualItemForCutoff_to_false":["Succeeded"]},"type":"SetVariable","inputs":{"name":"varCutOffNotes","value":"This user does not have Annual leave assignment for year @{triggerBody()?['Year']}. Cut-off is skipped for this user."}}}},"expression":{"greater":["@length(body('Get_Leave_Assignment_by_cut_off_year')?['value'])",0]},"type":"If","description":"If leave assignment was found for item's Year = cut off year, calculate CO and PO. If no assignment was found skip CO and PI."},"Set_varUserName":{"runAfter":{},"type":"SetVariable","inputs":{"name":"varUserName","value":"@items('For_each_Leave_App_Users')?['Staff']?['DisplayName']"}},"Create_Cut-off_Records_list_item":{"runAfter":{"Check_if_we_got_item_for_current_year":["Succeeded"]},"metadata":{"flowSystemMetadata":{"swaggerOperationId":"PostItem"}},"type":"ApiConnection","inputs":{"host":{"connection":{"name":"@parameters('$connections')['shared_sharepointonline_2']['connectionId']"},"api":{"runtimeUrl":"https://asia-001.azure-apim.net/apim/sharepointonline"}},"method":"post","body":{"Title":"@{variables('varUserName')} cut-off record for year @{triggerBody()?['Year']}","AssignedStaff":{"Claims":"@items('For_each_Leave_App_Users')?['Staff']?['Claims']"},"RemBalance":"@variables('varCurentYearBalance')","CODays":"@variables('varCO')","CutoffDate":"@{utcNow()}","AnnualAssignmentID":"@variables('varCurYearActiveAnnualAssID')","Year":"@triggerBody()?['Year']","PrevLAID":"@variables('varCutOffYearAnnualAssID')","Notes":"@{variables('varCutOffNotes')}. @{variables('varCOPONotes')}"},"path":"/datasets/@{encodeURIComponent(encodeURIComponent('https://allotech.sharepoint.com/sites/Apps/eLeave'))}/tables/@{encodeURIComponent(encodeURIComponent('5df71568-9cbb-4b9b-bd5f-f485ee0f87b3'))}/items","authentication":"@parameters('$authentication')"}},"Check_if_we_got_item_for_current_year":{"actions":{"Set_varCOPONotes_as_adjusted":{"runAfter":{},"type":"SetVariable","inputs":{"name":"varCOPONotes","value":"Balance & Carry-over were adjusted accordingly: CO = @{variables('varCO')}, New balance (current balance + CO) = @{variables('varCurentYearNewBalance')}"}}},"runAfter":{"If_leave_ass_found_for_cut_off_year":["Succeeded"]},"else":{"actions":{"Set_varCOPONotes_as_skipped":{"runAfter":{},"type":"SetVariable","inputs":{"name":"varCOPONotes","value":"No Annual leave assignment found for current year @{add(triggerBody()?['Year'], 1)} for this user."}}}},"expression":{"equals":["@variables('varGotAnnualItemForCurYear')",true]},"type":"If"},"For_each_Entitlement_items":{"foreach":"@body('Get_Entitlement_(CarryOver)_items')?['value']","actions":{"Set_varJobLevel":{"runAfter":{},"type":"SetVariable","inputs":{"name":"varJobLevel","value":"@items('For_each_Entitlement_items')?['JobLevel']?['Id']"}},"Set_varMinSY":{"runAfter":{"Set_varHalfEntitlement":["Succeeded"]},"type":"SetVariable","inputs":{"name":"varMinSY","value":"@items('For_each_Entitlement_items')?['MinSY']"}},"Set_varMaxSY":{"runAfter":{"Set_varLeaveId":["Succeeded"]},"type":"SetVariable","inputs":{"name":"varMaxSY","value":"@items('For_each_Entitlement_items')?['MaxSY']"}},"Set_varEntitlement":{"runAfter":{"Set_varJobLevel":["Succeeded"]},"type":"SetVariable","inputs":{"name":"varEntitlement","value":"@items('For_each_Entitlement_items')?['Entitlement']"}},"Set_varHalfEntitlement":{"runAfter":{"Set_varEntitlement":["Succeeded"]},"type":"SetVariable","inputs":{"name":"varHalfEntitlement","value":"@div(variables('varEntitlement'), 2)"}},"Set_varLeaveId":{"runAfter":{"Set_varMinSY":["Succeeded"]},"type":"SetVariable","inputs":{"name":"varLeaveId","value":"@items('For_each_Entitlement_items')?['LeaveType']?['Id']"}}},"runAfter":{"Get_Entitlement_(CarryOver)_items":["Succeeded"]},"type":"Foreach"},"Set_variable":{"runAfter":{"Set_varUserEmail":["Succeeded"]},"type":"SetVariable","inputs":{"name":"varJobLevel","value":"@{items('For_each_Leave_App_Users')?['JobLevel']?['Id']}"}},"Get_Entitlement_(CarryOver)_items":{"runAfter":{"Set_variable":["Succeeded"]},"metadata":{"flowSystemMetadata":{"swaggerOperationId":"GetItems"}},"type":"ApiConnection","inputs":{"host":{"connection":{"name":"@parameters('$connections')['shared_sharepointonline_2']['connectionId']"},"api":{"runtimeUrl":"https://asia-001.azure-apim.net/apim/sharepointonline"}},"method":"get","path":"/datasets/@{encodeURIComponent(encodeURIComponent('https://allotech.sharepoint.com/sites/Apps/eLeave'))}/tables/@{encodeURIComponent(encodeURIComponent('d5534159-c0f4-4648-8701-31440df9520f'))}/items","queries":{"$filter":"LeaveTypeId eq @{variables('varLeaveId')}","$orderby":"ID desc","$top":1},"authentication":"@parameters('$authentication')"}}},"runAfter":{"Get_Leave_App_Users_items":["Succeeded"]},"type":"Foreach"},"Initialize_varLeaveId":{"runAfter":{"Initialize_varCO":["Succeeded"]},"type":"InitializeVariable","inputs":{"variables":[{"name":"varLeaveId","type":"integer"}]}}},"description":"Use this template for processing approvals on SharePoint list items. The approver can view their approval requests in the Approvals Center and over email. Once an item is approved or rejected, the item creator is sent a confirmation email."},"connectionReferences":{"shared_office365_1":{"connectionName":"1e4542ac7ba6483cb77d8a6ca3e2b001","source":"Embedded","id":"/providers/Microsoft.PowerApps/apis/shared_office365","tier":"NotSpecified"},"shared_sharepointonline_2":{"connectionName":"d1a19ffe449b4ed88843c3a2256f11e9","source":"Embedded","id":"/providers/Microsoft.PowerApps/apis/shared_sharepointonline","tier":"NotSpecified"}},"flowFailureAlertSubscribed":false}}