{"name":"2ed9527d-0106-4d04-bd1f-8b2c0e1d50a7","id":"/providers/Microsoft.Flow/flows/2ed9527d-0106-4d04-bd1f-8b2c0e1d50a7","type":"Microsoft.Flow/flows","properties":{"apiId":"/providers/Microsoft.PowerApps/apis/shared_logicflows","displayName":"Leave Applications - New","definition":{"metadata":{"workflowEntityId":null,"creator":{"id":"e8604e7c-586c-4c98-8b3c-566181342c4f","type":"User","tenantId":"a87e6ba4-d7ec-4ef4-991c-fe8f3fba3243"},"provisioningMethod":"FromDefinition","failureAlertSubscription":true,"clientLastModifiedTime":"2020-04-27T07:56:03.251417Z"},"$schema":"https://schema.management.azure.com/providers/Microsoft.Logic/schemas/2016-06-01/workflowdefinition.json#","contentVersion":"1.0.0.0","parameters":{"$connections":{"defaultValue":{},"type":"Object"},"$authentication":{"defaultValue":{},"type":"SecureObject"}},"triggers":{"When_an_item_is_created":{"recurrence":{"frequency":"Minute","interval":5},"splitOn":"@triggerBody()?['value']","metadata":{"flowSystemMetadata":{"swaggerOperationId":"GetOnNewItems"}},"type":"ApiConnection","inputs":{"host":{"connection":{"name":"@parameters('$connections')['shared_sharepointonline_2']['connectionId']"},"api":{"runtimeUrl":"https://asia-001.azure-apim.net/apim/sharepointonline"}},"method":"get","path":"/datasets/@{encodeURIComponent(encodeURIComponent('https://allotech.sharepoint.com/sites/Apps/eLeave'))}/tables/@{encodeURIComponent(encodeURIComponent('554129a2-cd0c-4925-9243-73334f44b880'))}/onnewitems","authentication":"@parameters('$authentication')"}}},"actions":{"Initialize_varLeaveTypeID":{"runAfter":{},"type":"InitializeVariable","inputs":{"variables":[{"name":"varLeaveTypeID","type":"Integer"}]}},"Initialize_varLeaveTypeName":{"runAfter":{"Initialize_varLeaveTypeID":["Succeeded"]},"type":"InitializeVariable","inputs":{"variables":[{"name":"varLeaveTypeName","type":"String"}]}},"Initialize_varStaffDirID":{"runAfter":{"Initialize_varLeaveTypeName":["Succeeded"]},"type":"InitializeVariable","inputs":{"variables":[{"name":"varStaffDirID","type":"Integer"}]}},"GetStaffDirectoryRecordByID":{"runAfter":{"If_Staff_col_email_is_equals_to_author_email":["Succeeded"]},"metadata":{"flowSystemMetadata":{"swaggerOperationId":"GetItems"}},"type":"ApiConnection","inputs":{"host":{"connection":{"name":"@parameters('$connections')['shared_sharepointonline_2']['connectionId']"},"api":{"runtimeUrl":"https://asia-001.azure-apim.net/apim/sharepointonline"}},"method":"get","path":"/datasets/@{encodeURIComponent(encodeURIComponent('https://allotech.sharepoint.com/sites/Apps/eLeave'))}/tables/@{encodeURIComponent(encodeURIComponent('29eb481f-26cf-4bd0-a9a9-be050e18436e'))}/items","queries":{"$filter":"ID eq @{triggerBody()?['StaffDirectoryID']}","$top":1},"authentication":"@parameters('$authentication')"}},"Initialize_varBalance":{"runAfter":{"Initialize_varStaffDirID":["Succeeded"]},"type":"InitializeVariable","inputs":{"variables":[{"name":"varBalance","type":"Float"}]}},"Initialize_varReqLDaysWithPending":{"runAfter":{"Initialize_varPendingBalance":["Succeeded"]},"type":"InitializeVariable","inputs":{"variables":[{"name":"varReqLDaysWithPending","type":"Float"}]}},"GetStaffDirectoryRecordByIDRecords":{"foreach":"@body('GetStaffDirectoryRecordByID')?['value']","actions":{"Set_varBalance":{"runAfter":{},"type":"SetVariable","inputs":{"name":"varBalance","value":"@items('GetStaffDirectoryRecordByIDRecords')?['Balance']"},"description":"Get the current balance from Staff Directory."},"Set_varTaken":{"runAfter":{"Set_varBalance":["Succeeded"]},"type":"SetVariable","inputs":{"name":"varTaken","value":"@items('GetStaffDirectoryRecordByIDRecords')?['Taken']"},"description":"Get the current taken from Staff Directory."}},"runAfter":{"GetStaffDirectoryRecordByID":["Succeeded"]},"type":"Foreach"},"Get_Pending_Leave_Applications":{"runAfter":{"GetStaffDirectoryRecordByIDRecords":["Succeeded"]},"metadata":{"flowSystemMetadata":{"swaggerOperationId":"HttpRequest"}},"type":"ApiConnection","inputs":{"host":{"connection":{"name":"@parameters('$connections')['shared_sharepointonline_2']['connectionId']"},"api":{"runtimeUrl":"https://asia-001.azure-apim.net/apim/sharepointonline"}},"method":"post","body":{"method":"GET","uri":"_api/web/lists/GetByTitle('Leave Applications')/items?$select=*,Staff/Id,Staff/Title,Staff/EMail&$expand=Staff&$filter=Status eq 'PENDING' and (LeaveTypeID eq @{triggerBody()?['LeaveTypeID']} and Staff/EMail eq '@{triggerBody()?['Staff']?['Email']}')","headers":{"Content-Type":"application/json;odata=verbose","Accept":"application/json;odata=verboe"},"body":"{\n    \"type\": \"object\",\n    \"properties\": {\n        \"d\": {\n            \"type\": \"object\",\n            \"properties\": {\n                \"results\": {\n                    \"type\": \"array\",\n                    \"items\": {\n                        \"type\": \"object\",\n                        \"properties\": {\n                            \"Title\":{},\n                            \"ID\":{},\n\t\t\t\t\t\t\t\"Staff\": {\n\t\t\t\t\t\t\t\t\"type\": \"object\",\n\t\t\t\t\t\t\t\t\"properties\": {\n\t\t\t\t\t\t\t\t\t\"Id\": {},\n\t\t\t\t\t\t\t\t\t\"Title\": {},\n\t\t\t\t\t\t\t\t\t\"EMail\":{}\n\t\t\t\t\t\t\t\t}\n\t\t\t\t\t\t\t},\n\t\t\t\t\t\t\t\"LeaveDays\":{}\n                        },\n                        \"required\": [\n                            \"LeaveDays\",\n                            \"ID\",\n                            \"Title\",\n                            \"Staff\"\n                        ]\n                    }\n                }\n            }\n        }\n    }\n}"},"path":"/datasets/@{encodeURIComponent(encodeURIComponent('https://allotech.sharepoint.com/sites/Apps/eLeave'))}/httprequest","authentication":"@parameters('$authentication')"}},"Parse_Get_Pending_Leave_Applications_result":{"runAfter":{"Get_Pending_Leave_Applications":["Succeeded"]},"type":"ParseJson","inputs":{"content":"@body('Get_Pending_Leave_Applications')","schema":{"type":"object","properties":{"d":{"type":"object","properties":{"results":{"type":"array","items":{"type":"object","properties":{"Title":{},"ID":{},"Staff":{"type":"object","properties":{"Id":{},"Title":{},"EMail":{}}},"LeaveDays":{}},"required":["LeaveDays","ID","Title","Staff"]}}}}}}}},"Each_Get_Pending_Leave_Applications_result":{"foreach":"@body('Parse_Get_Pending_Leave_Applications_result')?['d']?['results']","actions":{"Set_varTempLeaveDays":{"runAfter":{},"type":"SetVariable","inputs":{"name":"varTempLeaveDays","value":"@variables('varPendingBalance')"},"description":"Get total pending balance via varPendingBalance. varPendingBaalnce will hold the latest total number of days."},"Set_varPendingBalance":{"runAfter":{"Set_varCLABal":["Succeeded"]},"type":"SetVariable","inputs":{"name":"varPendingBalance","value":"@add(variables('varTempLeaveDays'),variables('varCLABal'))"},"description":"Add current loop pending form number of days via varCLABal to calculated total pending days via varTempLeaveDays and assign to varPendingBalance."},"Set_varCLABal":{"runAfter":{"Set_varTempLeaveDays":["Succeeded"]},"type":"SetVariable","inputs":{"name":"varCLABal","value":"@items('Each_Get_Pending_Leave_Applications_result')?['LeaveDays']"},"description":"Get the number of days from this current pending form."}},"runAfter":{"Parse_Get_Pending_Leave_Applications_result":["Succeeded"]},"type":"Foreach","description":"Get the total number of days of all pending forms by Staff Directory ID."},"Initialize_varTempLeaveDays":{"runAfter":{"Initialize_varReqLDaysWithPending":["Succeeded"]},"type":"InitializeVariable","inputs":{"variables":[{"name":"varTempLeaveDays","type":"Float"}]}},"Initialize_varCLABal":{"runAfter":{"Initialize_varTempLeaveDays":["Succeeded"]},"type":"InitializeVariable","inputs":{"variables":[{"name":"varCLABal","type":"Float"}]}},"Initialize_varPendingBalance":{"runAfter":{"Initialize_varTaken":["Succeeded"]},"type":"InitializeVariable","inputs":{"variables":[{"name":"varPendingBalance","type":"Float"}]}},"Set_varBalanceWithPending":{"runAfter":{"Each_Get_Pending_Leave_Applications_result":["Succeeded"]},"type":"SetVariable","inputs":{"name":"varReqLDaysWithPending","value":"@variables('varPendingBalance')"},"description":"varPendingBalance contains all pending leave days including this items. Refer to the REST api from earlier actions."},"If_balance_is_greater_than_or_equals_to_total_req_leave_days":{"actions":{"Start_an_approval_(Manager)":{"runAfter":{"Send_an_email_Staff":["Succeeded"]},"metadata":{"flowSystemMetadata":{"swaggerOperationId":"approvalSubscribeV2"}},"type":"ApiConnectionWebhook","inputs":{"host":{"connection":{"name":"@parameters('$connections')['shared_approvals']['connectionId']"},"api":{"runtimeUrl":"https://asia-001.azure-apim.net/apim/approvals"}},"body":{"notificationUrl":"@{listCallbackUrl()}","title":"@{triggerBody()?['Staff']?['DisplayName']} @{triggerBody()?['LeaveTypeName']} leave request - Manager Approval","assignedTo":"@triggerBody()?['Approver']?['Email']","details":"@{formatDateTime(triggerBody()?['StartDate'],'d MMM yyyy')}, @{triggerBody()?['StartAMPM']?['Value']} to @{formatDateTime(triggerBody()?['EndDate'],'d MMM yyyy')}, @{triggerBody()?['EndAMPM']?['Value']}\n@{triggerBody()?['LeaveDays']} day(s) @{triggerBody()?['LeaveTypeName']} leave\n----\nDescription:\n@{triggerBody()?['Desc']}\n\n.","requestor":"@{triggerBody()?['Staff']?['Email']};","enableNotifications":true},"path":"/types/@{encodeURIComponent('Basic')}/$subscriptions","authentication":"@parameters('$authentication')","retryPolicy":{"type":"none"}}},"Set_varInitApprovalResponse":{"runAfter":{"Start_an_approval_(Manager)":["Succeeded"]},"type":"SetVariable","inputs":{"name":"varInitApprovalResponse","value":"@body('Start_an_approval_(Manager)')?['response']"}},"If_initial_approval_is_approved":{"actions":{"Get_this_item_column_values":{"runAfter":{},"metadata":{"flowSystemMetadata":{"swaggerOperationId":"GetItems"}},"type":"ApiConnection","inputs":{"host":{"connection":{"name":"@parameters('$connections')['shared_sharepointonline_2']['connectionId']"},"api":{"runtimeUrl":"https://asia-001.azure-apim.net/apim/sharepointonline"}},"method":"get","path":"/datasets/@{encodeURIComponent(encodeURIComponent('https://allotech.sharepoint.com/sites/Apps/eLeave'))}/tables/@{encodeURIComponent(encodeURIComponent('554129a2-cd0c-4925-9243-73334f44b880'))}/items","queries":{"$filter":"ID eq @{triggerBody()?['ID']}","$top":1},"authentication":"@parameters('$authentication')"},"description":"Manually get this item's current values in case an update was done before the approval via email is completed."},"Apply_to_each_(1_item_only)":{"foreach":"@body('Get_this_item_column_values')?['value']","actions":{"If_Status_equals_APPROVED":{"actions":{"Apply_to_each":{"foreach":"@body('Get_items_column_values_after_approval_=_1')?['value']","actions":{"Create_log_for_approval_=_1":{"runAfter":{"Set_varDateModified":["Succeeded"]},"metadata":{"flowSystemMetadata":{"swaggerOperationId":"PostItem"}},"type":"ApiConnection","inputs":{"host":{"connection":{"name":"@parameters('$connections')['shared_sharepointonline_2']['connectionId']"},"api":{"runtimeUrl":"https://asia-001.azure-apim.net/apim/sharepointonline"}},"method":"post","body":{"Title":"@triggerBody()?['GPMUID']","LeaveApplicationID":"@triggerBody()?['ID']","Desc":"Leave deduction was skipped because the form was already approved before approval via email is completed.\nUpdated by  : @{items('Apply_to_each')?['Editor']?['DisplayName']}","DateModified":"@items('Apply_to_each')?['Modified']","ModifiedBy":{"Claims":"@items('Apply_to_each')?['Editor']?['Claims']"},"ManualApprove":true},"path":"/datasets/@{encodeURIComponent(encodeURIComponent('https://allotech.sharepoint.com/sites/Apps/eLeave'))}/tables/@{encodeURIComponent(encodeURIComponent('fb8749a4-2e29-46cf-bb95-2d8e5c443a73'))}/items","authentication":"@parameters('$authentication')"},"description":"Create log entry to Approval logs list."},"Set_varDateModified":{"runAfter":{},"type":"SetVariable","inputs":{"name":"varDateModified","value":"@items('Apply_to_each')?['Modified']"}}},"runAfter":{"Get_items_column_values_after_approval_=_1":["Succeeded"]},"type":"Foreach","description":"Create log entry when this item status is already 1 (INITIAL APPROVED - manually approved by HR). Apply to each via \"Get items column values after approval = 1\"."},"Get_items_column_values_after_approval_=_1":{"runAfter":{},"metadata":{"flowSystemMetadata":{"swaggerOperationId":"GetItems"}},"type":"ApiConnection","inputs":{"host":{"connection":{"name":"@parameters('$connections')['shared_sharepointonline_2']['connectionId']"},"api":{"runtimeUrl":"https://asia-001.azure-apim.net/apim/sharepointonline"}},"method":"get","path":"/datasets/@{encodeURIComponent(encodeURIComponent('https://allotech.sharepoint.com/sites/Apps/eLeave'))}/tables/@{encodeURIComponent(encodeURIComponent('554129a2-cd0c-4925-9243-73334f44b880'))}/items","queries":{"$filter":"ID eq @{triggerBody()?['ID']}","$top":1},"authentication":"@parameters('$authentication')"},"description":"Get the current items column values for logging purpose."}},"runAfter":{},"else":{"actions":{"If_Status_NOT_APPROVED":{"actions":{"Get_User_info_after_approved_via_email":{"runAfter":{},"metadata":{"flowSystemMetadata":{"swaggerOperationId":"GetItems"}},"type":"ApiConnection","inputs":{"host":{"connection":{"name":"@parameters('$connections')['shared_sharepointonline_2']['connectionId']"},"api":{"runtimeUrl":"https://asia-001.azure-apim.net/apim/sharepointonline"}},"method":"get","path":"/datasets/@{encodeURIComponent(encodeURIComponent('https://allotech.sharepoint.com/sites/Apps/eLeave'))}/tables/@{encodeURIComponent(encodeURIComponent('29eb481f-26cf-4bd0-a9a9-be050e18436e'))}/items","queries":{"$filter":"ID eq @{triggerBody()?['StaffDirectoryID']}","$top":1},"authentication":"@parameters('$authentication')"},"description":"Get record from Staff Directory list again in case the staff directory item was update before this item is approved via the approval email."},"Update_this_item_from_Leave_Applications":{"runAfter":{"Get_User_info_after_approved_via_email":["Succeeded"]},"metadata":{"flowSystemMetadata":{"swaggerOperationId":"PatchItem"}},"type":"ApiConnection","inputs":{"host":{"connection":{"name":"@parameters('$connections')['shared_sharepointonline_2']['connectionId']"},"api":{"runtimeUrl":"https://asia-001.azure-apim.net/apim/sharepointonline"}},"method":"patch","body":{"Title":"@triggerBody()?['Title']","StartDate":"@triggerBody()?['StartDate']","EndDate":"@triggerBody()?['EndDate']","LeaveDays":"@triggerBody()?['LeaveDays']","StaffDirectoryID":"@triggerBody()?['StaffDirectoryID']","LeaveTypeID":"@triggerBody()?['LeaveTypeID']","LeaveTypeName":"@triggerBody()?['LeaveTypeName']","GPMUID":"@triggerBody()?['GPMUID']","Desc":"@triggerBody()?['Desc']","StartAMPM":{"Value":"@triggerBody()?['StartAMPM']?['Value']"},"EndAMPM":{"Value":"@triggerBody()?['EndAMPM']?['Value']"},"Notes":"[@{formatDateTime(utcNow(), 'd MMM yyyy, hh:mm')}] - approved by @{body('Start_an_approval_(Manager)')?['responder']?['displayName']}. \n@{variables('varApproverComments')}","Status":{"Value":"APPROVED BY MANAGER"},"Approver":{"Claims":"@triggerBody()?['Approver']?['Claims']"},"Staff":{"Claims":"@triggerBody()?['Staff']?['Claims']"},"WFStatus":{"Value":"APPROVED BY MANAGER"},"CancellRequested":false,"CancellationStatus":{"Value":"NONE"},"Emergency":"@triggerBody()?['Emergency']","DateApproved":"@{utcNow()}"},"path":"/datasets/@{encodeURIComponent(encodeURIComponent('https://allotech.sharepoint.com/sites/Apps/eLeave'))}/tables/@{encodeURIComponent(encodeURIComponent('554129a2-cd0c-4925-9243-73334f44b880'))}/items/@{encodeURIComponent(triggerBody()?['ID'])}","authentication":"@parameters('$authentication')"},"description":"Supposedly only Status Value and WFStatusValue are to be changed to APPROVED and INITIAL APPROVED."},"Start_an_Approval_2":{"runAfter":{"Notify_Staff_of_request_approval_-_Manager":["Succeeded"]},"metadata":{"flowSystemMetadata":{"swaggerOperationId":"StartAndWaitForAnApproval"}},"type":"ApiConnectionWebhook","inputs":{"host":{"connection":{"name":"@parameters('$connections')['shared_approvals']['connectionId']"},"api":{"runtimeUrl":"https://asia-001.azure-apim.net/apim/approvals"}},"body":{"notificationUrl":"@{listCallbackUrl()}","title":"@{triggerBody()?['Staff']?['DisplayName']} @{triggerBody()?['LeaveTypeName']} leave request -  CEO Approval","assignedTo":"supersrkk@allo.my","details":"@{formatDateTime(triggerBody()?['StartDate'],'d MMM yyyy')}, @{triggerBody()?['StartAMPM']?['Value']} to @{formatDateTime(triggerBody()?['EndDate'],'d MMM yyyy')}, @{triggerBody()?['EndAMPM']?['Value']}\n@{triggerBody()?['LeaveDays']} day(s) @{triggerBody()?['LeaveTypeName']} leave\n----\nDescription:\n@{triggerBody()?['Desc']}\n","requestor":"@triggerBody()?['Staff']?['Email']","enableNotifications":true,"enableReassignment":true},"path":"/types/@{encodeURIComponent('Basic')}/subscriptions","authentication":"@parameters('$authentication')"}},"Apply_to_each_2":{"foreach":"@body('Start_an_Approval_2')?['responses']","actions":{"Set_varInitApproval2Response":{"runAfter":{},"type":"SetVariable","inputs":{"name":"varInitApproval2Response","value":"@items('Apply_to_each_2')?['approverResponse']"}}},"runAfter":{"Start_an_Approval_2":["Succeeded"]},"type":"Foreach"},"If_Status_is_APPROVED_BY_CEO":{"actions":{"Get_User_info_after_approved_via_email_-_CEO_Approval":{"runAfter":{},"metadata":{"flowSystemMetadata":{"swaggerOperationId":"GetItems"}},"type":"ApiConnection","inputs":{"host":{"connection":{"name":"@parameters('$connections')['shared_sharepointonline_2']['connectionId']"},"api":{"runtimeUrl":"https://asia-001.azure-apim.net/apim/sharepointonline"}},"method":"get","path":"/datasets/@{encodeURIComponent(encodeURIComponent('https://allotech.sharepoint.com/sites/Apps/eLeave'))}/tables/@{encodeURIComponent(encodeURIComponent('29eb481f-26cf-4bd0-a9a9-be050e18436e'))}/items","queries":{"$filter":"ID eq @{triggerBody()?['StaffDirectoryID']}","$top":1},"authentication":"@parameters('$authentication')"}},"Loop_Get_Staff_Directory_after_approval_via_email":{"foreach":"@body('Get_User_info_after_approved_via_email')?['value']","actions":{"Set_varLeavebalanceNewValue":{"runAfter":{},"type":"SetVariable","inputs":{"name":"varLeaveBalanceNewValue","value":"@sub(body('Get_User_info_after_approved_via_email')?['value']?[0]?['Balance'],triggerBody()?['LeaveDays'])"}},"Set_varLeaveTakenNewValue":{"runAfter":{"Set_varLeavebalanceNewValue":["Succeeded"]},"type":"SetVariable","inputs":{"name":"varLeaveTakenNewValue","value":"@add(triggerBody()?['LeaveDays'],body('Get_User_info_after_approved_via_email')?['value']?[0]?['Taken'])"}},"Update_item_in_Leave_Assignment":{"runAfter":{"Set_varLeaveTakenNewValue":["Succeeded"]},"metadata":{"flowSystemMetadata":{"swaggerOperationId":"PatchItem"}},"type":"ApiConnection","inputs":{"host":{"connection":{"name":"@parameters('$connections')['shared_sharepointonline_2']['connectionId']"},"api":{"runtimeUrl":"https://asia-001.azure-apim.net/apim/sharepointonline"}},"method":"patch","body":{"UID":"@items('Loop_Get_Staff_Directory_after_approval_via_email')?['UID']","Title":"@items('Loop_Get_Staff_Directory_after_approval_via_email')?['Title']","Balance":"@variables('varLeaveBalanceNewValue')","Taken":"@variables('varLeaveTakenNewValue')","CarryOver":"@items('Loop_Get_Staff_Directory_after_approval_via_email')?['CarryOver']","Year":"@items('Loop_Get_Staff_Directory_after_approval_via_email')?['Year']","SpecifyApprover":"@items('Loop_Get_Staff_Directory_after_approval_via_email')?['SpecifyApprover']","Entitlement":"@items('Loop_Get_Staff_Directory_after_approval_via_email')?['Entitlement']","PastDateBooking":"@items('Loop_Get_Staff_Directory_after_approval_via_email')?['PastDateBooking']","LeaveType":{"Id":"@items('Loop_Get_Staff_Directory_after_approval_via_email')?['LeaveType']?['Id']"},"Staff":{"Claims":"@items('Loop_Get_Staff_Directory_after_approval_via_email')?['Staff']?['Claims']"}},"path":"/datasets/@{encodeURIComponent(encodeURIComponent('https://allotech.sharepoint.com/sites/Apps/eLeave'))}/tables/@{encodeURIComponent(encodeURIComponent('29eb481f-26cf-4bd0-a9a9-be050e18436e'))}/items/@{encodeURIComponent(triggerBody()?['StaffDirectoryID'])}","authentication":"@parameters('$authentication')"}}},"runAfter":{"Get_User_info_after_approved_via_email_-_CEO_Approval":["Succeeded"]},"type":"Foreach"},"Switch":{"runAfter":{"Apply_to_each_7":["Succeeded"]},"cases":{"Case":{"case":"Sick","actions":{"Set_varApprovalMessage_sick":{"runAfter":{},"type":"SetVariable","inputs":{"name":"varApprovalMessage","value":"Get well soon and stay healthy &#9787;"}}}}},"default":{"actions":{"Set_varApprovalMessage_default":{"runAfter":{},"type":"SetVariable","inputs":{"name":"varApprovalMessage","value":"@{null}"}}}},"expression":"@triggerBody()?['LeaveTypeName']","type":"Switch"},"Apply_to_each_3":{"foreach":"@body('Start_an_Approval_2')?['responses']","actions":{"Create_log_item_for_request_approval":{"runAfter":{},"metadata":{"flowSystemMetadata":{"swaggerOperationId":"PostItem"}},"type":"ApiConnection","inputs":{"host":{"connection":{"name":"@parameters('$connections')['shared_sharepointonline_2']['connectionId']"},"api":{"runtimeUrl":"https://asia-001.azure-apim.net/apim/sharepointonline"}},"method":"post","body":{"Title":"@triggerBody()?['GPMUID']","LeaveApplicationID":"@triggerBody()?['ID']","Desc":"Approval completed via notification email.\n@{triggerBody()?['LeaveTypeName']} leave deduction was peroformed.\nCurrent balance  : @{variables('varBalance')}\nCurrent taken     : @{variables('varTaken')}\nNew balance: @{variables('varLeaveBalanceNewValue')}\nTotal taken   : @{variables('varLeaveTakenNewValue')}","DateModified":"@items('Apply_to_each_3')?['responseDate']","ModifiedBy":{"Claims":"@triggerBody()?['Approver']?['Claims']"},"ApprovedBy":{"Claims":"@triggerBody()?['Approver']?['Claims']"},"ManualApprove":false,"Result":"APPROVED"},"path":"/datasets/@{encodeURIComponent(encodeURIComponent('https://allotech.sharepoint.com/sites/Apps/eLeave'))}/tables/@{encodeURIComponent(encodeURIComponent('fb8749a4-2e29-46cf-bb95-2d8e5c443a73'))}/items","authentication":"@parameters('$authentication')"},"description":"Create log for this approval."}},"runAfter":{"Apply_to_each_6":["Succeeded"]},"type":"Foreach"},"Apply_to_each_6":{"foreach":"@body('Start_an_Approval_2')?['responses']","actions":{"Notify_Staff_of_request_approval_-_CEO_Approval":{"runAfter":{},"metadata":{"flowSystemMetadata":{"swaggerOperationId":"SendEmailV2"}},"type":"ApiConnection","inputs":{"host":{"connection":{"name":"@parameters('$connections')['shared_office365_1']['connectionId']"},"api":{"runtimeUrl":"https://asia-001.azure-apim.net/apim/office365"}},"method":"post","body":{"To":"@{triggerBody()?['Staff']?['Email']};","Subject":"@{triggerBody()?['LeaveTypeName']} leave was approved by CEO [UID: @{triggerBody()?['GPMUID']}]","Body":"<p><span style=\"font-size: 18px\">Hi </span><span style=\"font-size: 18px\">@{triggerBody()?['Staff']?['DisplayName']}</span><span style=\"font-size: 18px\">,<br>\n<br>\nYour </span><span style=\"font-size: 18px\">@{triggerBody()?['LeaveTypeName']}</span><span style=\"font-size: 18px\"> leave application was approved by </span><span style=\"font-size: 18px\">@{items('Apply_to_each_6')?['responder']?['displayName']}</span><span style=\"font-size: 18px\">.<br>\n<br>\nApprover comment:<br>\n</span><span style=\"font-size: 18px\">@{items('Apply_to_each_6')?['comments']}</span><span style=\"font-size: 18px\"><br>\n<br>\n<hr><br>\n<br>\nDates: </span><span style=\"font-size: 18px\">@{formatDateTime(triggerBody()?['StartDate'], 'd MMM yyyy')}</span><span style=\"font-size: 18px\"></span><span style=\"font-size: 18px\"><strong>, </strong></span><span style=\"font-size: 18px\"><strong>@{triggerBody()?['StartAMPM']?['Value']}</strong></span><span style=\"font-size: 18px\"><strong> </strong></span><span style=\"font-size: 18px\">&gt;&gt;&gt; </span><span style=\"font-size: 18px\">@{formatDateTime(triggerBody()?['EndDate'], 'd MMM yyyy')}</span><span style=\"font-size: 18px\"></span><span style=\"font-size: 18px\"><strong>, </strong></span><span style=\"font-size: 18px\"><strong>@{triggerBody()?['EndAMPM']?['Value']}</strong></span><span style=\"font-size: 18px\"><strong></strong></span><span style=\"font-size: 18px\"><br>\n...<br>\nDescription:<br>\n</span><span style=\"font-size: 18px\">@{triggerBody()?['Desc']}</span><span style=\"font-size: 18px\"><br>\n...<br>\nNew Balance :</span><span style=\"font-size: 18px\"><strong> </strong></span><span style=\"font-size: 18px\"><strong>@{variables('varLeaveBalanceNewValue')}</strong></span><span style=\"font-size: 18px\"><strong> </strong></span><span style=\"font-size: 18px\">day(s)<br>\nTotal taken</span><span style=\"font-size: 18px\"><strong> &nbsp;&nbsp;&nbsp;</strong></span><span style=\"font-size: 18px\">:</span><span style=\"font-size: 18px\"><strong> </strong></span><span style=\"font-size: 18px\"><strong>@{variables('varLeaveTakenNewValue')}</strong></span><span style=\"font-size: 18px\"><strong> </strong></span><span style=\"font-size: 18px\">day(s)<br>\n<br>\n</span><span style=\"font-size: 18px;color:green;display:none;\"><strong></strong></span><span style=\"font-size: 18px\"><strong>@{variables('varApprovalMessage')}</strong></span><span style=\"font-size: 18px\"><strong></strong></span><span style=\"font-size: 18px\"><br>\n<br>\n</span><span style=\"color: rgb(184,49,47)\">(do NOT reply to this email)</span></p>"},"path":"/v2/Mail","authentication":"@parameters('$authentication')"}}},"runAfter":{"Switch":["Succeeded"]},"type":"Foreach"},"Apply_to_each_7":{"foreach":"@body('Start_an_Approval_2')?['responses']","actions":{"Update_this_item_from_Leave_Applications_-_After_CEO_Approval":{"runAfter":{},"metadata":{"flowSystemMetadata":{"swaggerOperationId":"PatchItem"}},"type":"ApiConnection","inputs":{"host":{"connection":{"name":"@parameters('$connections')['shared_sharepointonline_2']['connectionId']"},"api":{"runtimeUrl":"https://asia-001.azure-apim.net/apim/sharepointonline"}},"method":"patch","body":{"Title":"@triggerBody()?['Title']","StartDate":"@triggerBody()?['StartDate']","EndDate":"@triggerBody()?['EndDate']","LeaveDays":"@triggerBody()?['LeaveDays']","StaffDirectoryID":"@triggerBody()?['StaffDirectoryID']","LeaveTypeID":"@triggerBody()?['LeaveTypeID']","LeaveTypeName":"@triggerBody()?['LeaveTypeName']","GPMUID":"@triggerBody()?['GPMUID']","Desc":"@triggerBody()?['Desc']","StartAMPM":{"Value":"@triggerBody()?['StartAMPM']?['Value']"},"EndAMPM":{"Value":"@triggerBody()?['EndAMPM']?['Value']"},"Notes":"[@{formatDateTime(utcNow(), 'd MMM yyyy, hh:mm')}] - approved by @{items('Apply_to_each_7')?['responder']?['displayName']}.\n==================\nApprover comments: @{items('Apply_to_each_7')?['comments']} \n","Status":{"Value":"APPROVED BY CEO"},"Approver":{"Claims":"@triggerBody()?['Approver']?['Claims']"},"Staff":{"Claims":"@triggerBody()?['Staff']?['Claims']"},"WFStatus":{"Value":"APPROVED BY CEO"},"CancellRequested":false,"CancellationStatus":{"Value":"NONE"},"Emergency":"@triggerBody()?['Emergency']","DateApproved":"@{utcNow()}"},"path":"/datasets/@{encodeURIComponent(encodeURIComponent('https://allotech.sharepoint.com/sites/Apps/eLeave'))}/tables/@{encodeURIComponent(encodeURIComponent('554129a2-cd0c-4925-9243-73334f44b880'))}/items/@{encodeURIComponent(triggerBody()?['ID'])}","authentication":"@parameters('$authentication')"}}},"runAfter":{"Loop_Get_Staff_Directory_after_approval_via_email":["Succeeded"]},"type":"Foreach"}},"runAfter":{"Apply_to_each_2":["Succeeded"]},"else":{"actions":{"Apply_to_each_4":{"foreach":"@body('Start_an_Approval_2')?['responses']","actions":{"Set_varApprover2Comments":{"runAfter":{},"type":"SetVariable","inputs":{"name":"varApprover2Comments","value":"@items('Apply_to_each_4')?['comments']"}}},"runAfter":{},"type":"Foreach"},"Update_this_item_Status_and_WFStatus_-_DECLINED_BY_CEO":{"runAfter":{"Apply_to_each_4":["Succeeded"]},"metadata":{"flowSystemMetadata":{"swaggerOperationId":"PatchItem"}},"type":"ApiConnection","inputs":{"host":{"connection":{"name":"@parameters('$connections')['shared_sharepointonline_2']['connectionId']"},"api":{"runtimeUrl":"https://asia-001.azure-apim.net/apim/sharepointonline"}},"method":"patch","body":{"Title":"@items('Apply_to_each_(1_item_only)')?['Title']","StartDate":"@items('Apply_to_each_(1_item_only)')?['StartDate']","EndDate":"@items('Apply_to_each_(1_item_only)')?['EndDate']","LeaveDays":"@items('Apply_to_each_(1_item_only)')?['LeaveDays']","StaffDirectoryID":"@items('Apply_to_each_(1_item_only)')?['StaffDirectoryID']","LeaveTypeID":"@items('Apply_to_each_(1_item_only)')?['LeaveTypeID']","LeaveTypeName":"@items('Apply_to_each_(1_item_only)')?['LeaveTypeName']","GPMUID":"@items('Apply_to_each_(1_item_only)')?['GPMUID']","StartAMPM":{"Value":"@items('Apply_to_each_(1_item_only)')?['StartAMPM']?['Value']"},"EndAMPM":{"Value":"@items('Apply_to_each_(1_item_only)')?['EndAMPM']?['Value']"},"Notes":"[@{formatDateTime(utcNow(), 'd MMM yyyy, hh:mm')}]  - Rejected by @{body('Start_an_approval_(Manager)')?['responder']?['displayName']}.\n@{variables('varApprover2Comments')}","Status":{"Value":"DECLINED"},"WFStatus":{"Value":"DECLINED"},"CancellRequested":false,"CancellationStatus":{"Value":"NONE"},"Emergency":"@items('Apply_to_each_(1_item_only)')?['Emergency']"},"path":"/datasets/@{encodeURIComponent(encodeURIComponent('https://allotech.sharepoint.com/sites/Apps/eLeave'))}/tables/@{encodeURIComponent(encodeURIComponent('554129a2-cd0c-4925-9243-73334f44b880'))}/items/@{encodeURIComponent(items('Apply_to_each_(1_item_only)')?['ID'])}","authentication":"@parameters('$authentication')"}},"Apply_to_each_5":{"foreach":"@body('Start_an_Approval_2')?['responses']","actions":{"Send_CEO_Rejection_email_to_Staff":{"runAfter":{},"metadata":{"flowSystemMetadata":{"swaggerOperationId":"SendEmailV2"}},"type":"ApiConnection","inputs":{"host":{"connection":{"name":"@parameters('$connections')['shared_office365_1']['connectionId']"},"api":{"runtimeUrl":"https://asia-001.azure-apim.net/apim/office365"}},"method":"post","body":{"To":"@body('Update_this_item_Status_and_WFStatus_-_DECLINED_BY_CEO')?['Staff']?['Email']","Subject":"@{body('Update_this_item_Status_and_WFStatus_-_DECLINED_BY_CEO')['LeaveTypeName']} was rejected by the CEO [UID: @{triggerBody()?['GPMUID']}","Body":"<div style=\"font-size:18px !important;\">Hi @{triggerBody()?['Staff']?['DisplayName']},<br><p><br></p>\n<br>\nYour @{triggerBody()?['LeaveTypeName']} leave was rejected by @{triggerBody()?['Approver']?['DisplayName']}.<br><br>\n<span style=\"color:#777;\">Approver comment:</span><br>\n@{items('Apply_to_each_5')?['comments']}<br><br>\n<hr><br>\n<b style=\"color:#777;\">Leave details</b><br>\n<span style=\"color:#777;\">Dates:</span> <b>@{formatDateTime(triggerBody()?['StartDate'], 'd MMM yyyy')}, @{triggerBody()?['StartAMPM']?['Value']}</b> >>> <b>@{formatDateTime(triggerBody()?['EndDate'], 'd MMM yyyy')}, @{triggerBody()?['EndAMPM']?['Value']}</b><br>\n<span style=\"color:#777;\">Day(s):</span> <b>@{triggerBody()?['LeaveDays']}</b><br>\n<span style=\"color:#777;\">Description:</span><br>\n@{triggerBody()?['Desc']}</div><br>\n<br>\n<br>\n<span title=\"Leave Applications - New\" style=\"color:red;\">(do NOT reply to this email)</span><br>"},"path":"/v2/Mail","authentication":"@parameters('$authentication')"}}},"runAfter":{"Update_this_item_Status_and_WFStatus_-_DECLINED_BY_CEO":["Succeeded"]},"type":"Foreach"}}},"expression":{"equals":["@variables('varInitApproval2Response')","Approve"]},"type":"If"},"Notify_Staff_of_request_approval_-_Manager":{"runAfter":{"Update_this_item_from_Leave_Applications":["Succeeded"]},"metadata":{"flowSystemMetadata":{"swaggerOperationId":"SendEmailV2"}},"type":"ApiConnection","inputs":{"host":{"connection":{"name":"@parameters('$connections')['shared_office365_1']['connectionId']"},"api":{"runtimeUrl":"https://asia-001.azure-apim.net/apim/office365"}},"method":"post","body":{"To":"@triggerBody()?['Staff']?['Email']","Subject":"@{triggerBody()?['LeaveTypeName']} leave was approved by your manager  [UID: @{triggerBody()?['GPMUID']}]","Body":"<p><span style=\"font-size: 18px\">Hi </span><span style=\"font-size: 18px\">@{triggerBody()?['Staff']?['DisplayName']}</span><span style=\"font-size: 18px\">,<br>\n<br>\nYour </span><span style=\"font-size: 18px\">@{triggerBody()?['LeaveTypeName']}</span><span style=\"font-size: 18px\"> leave application was approved by </span><span style=\"font-size: 18px\">@{body('Start_an_approval_(Manager)')?['responder']?['displayName']}</span><span style=\"font-size: 18px\">.<br>\n<br>\nApprover comment:<br>\n</span><span style=\"font-size: 18px\">@{body('Start_an_approval_(Manager)')?['comments']}</span><span style=\"font-size: 18px\"><br>\n<br>\n<hr><br>\n<br>\nDates: </span><span style=\"font-size: 18px\">@{formatDateTime(triggerBody()?['StartDate'], 'd MMM yyyy')}</span><span style=\"font-size: 18px\"></span><span style=\"font-size: 18px\"><strong>, </strong></span><span style=\"font-size: 18px\"><strong>@{triggerBody()?['StartAMPM']?['Value']}</strong></span><span style=\"font-size: 18px\"><strong> </strong></span><span style=\"font-size: 18px\">&gt;&gt;&gt; </span><span style=\"font-size: 18px\">@{formatDateTime(triggerBody()?['EndDate'], 'd MMM yyyy')}</span><span style=\"font-size: 18px\"></span><span style=\"font-size: 18px\"><strong>, </strong></span><span style=\"font-size: 18px\"><strong>@{triggerBody()?['EndAMPM']?['Value']}</strong></span><span style=\"font-size: 18px\"><strong></strong></span><span style=\"font-size: 18px\"><br>\n...<br>\nDescription:<br>\n</span><span style=\"font-size: 18px\">@{triggerBody()?['Desc']}</span><span style=\"font-size: 18px\"><br>\n...<br>\n<span style=\"font-size: 18px;color:green;display:none;\"><strong></strong></span><span style=\"font-size: 18px\"><strong>@{variables('varApprovalMessage')}</strong></span><span style=\"font-size: 18px\"><strong></strong></span><span style=\"font-size: 18px\"><br>\n<br>\n</span><span style=\"color: rgb(184,49,47)\">(do NOT reply this email)</span></p>"},"path":"/v2/Mail","authentication":"@parameters('$authentication')"}}},"runAfter":{},"expression":{"equals":["@items('Apply_to_each_(1_item_only)')?['Status']?['Value']","PENDING"]},"type":"If","description":"If not APPROVED, check if status is still in PENDING."}}},"expression":{"equals":["@items('Apply_to_each_(1_item_only)')?['Status']?['Value']","APPROVED BY MANAGER"]},"type":"If","description":"If APPROVED, means approver already approved manually via application."}},"runAfter":{"Get_this_item_column_values":["Succeeded"]},"type":"Foreach"}},"runAfter":{"Set_varInitApprovalResponse":["Succeeded"]},"else":{"actions":{"Update_this_item_Status_and_WFStatus_-_DECLINED":{"runAfter":{"Set_varApproverComments":["Succeeded"]},"metadata":{"flowSystemMetadata":{"swaggerOperationId":"PatchItem"}},"type":"ApiConnection","inputs":{"host":{"connection":{"name":"@parameters('$connections')['shared_sharepointonline_2']['connectionId']"},"api":{"runtimeUrl":"https://asia-001.azure-apim.net/apim/sharepointonline"}},"method":"patch","body":{"Title":"@triggerBody()?['Title']","StartDate":"@triggerBody()?['StartDate']","EndDate":"@triggerBody()?['EndDate']","LeaveDays":"@triggerBody()?['LeaveDays']","StaffDirectoryID":"@triggerBody()?['StaffDirectoryID']","LeaveTypeID":"@triggerBody()?['LeaveTypeID']","LeaveTypeName":"@triggerBody()?['LeaveTypeName']","GPMUID":"@triggerBody()?['GPMUID']","StartAMPM":{"Value":"@triggerBody()?['StartAMPM']?['Value']"},"EndAMPM":{"Value":"@triggerBody()?['EndAMPM']?['Value']"},"Notes":"[@{formatDateTime(utcNow(), 'd MMM yyyy, hh:mm')}]  - Rejected by @{body('Start_an_approval_(Manager)')?['responder']?['displayName']}. \n@{variables('varApproverComments')}","Status":{"Value":"DECLINED"},"WFStatus":{"Value":"INITIAL DECLINED"},"CancellRequested":false,"CancellationStatus":{"Value":"NONE"},"Emergency":"@triggerBody()?['Emergency']"},"path":"/datasets/@{encodeURIComponent(encodeURIComponent('https://allotech.sharepoint.com/sites/Apps/eLeave'))}/tables/@{encodeURIComponent(encodeURIComponent('554129a2-cd0c-4925-9243-73334f44b880'))}/items/@{encodeURIComponent(triggerBody()?['ID'])}","authentication":"@parameters('$authentication')"}},"Set_varApproverComments":{"runAfter":{},"type":"SetVariable","inputs":{"name":"varApproverComments","value":"@body('Start_an_approval_(Manager)')?['comments']"}},"Send_Manager_rejection_email_to_Staff":{"runAfter":{"Update_this_item_Status_and_WFStatus_-_DECLINED":["Succeeded"]},"metadata":{"flowSystemMetadata":{"swaggerOperationId":"SendEmail"}},"type":"ApiConnection","inputs":{"host":{"connection":{"name":"@parameters('$connections')['shared_office365_1']['connectionId']"},"api":{"runtimeUrl":"https://asia-001.azure-apim.net/apim/office365"}},"method":"post","body":{"To":"@triggerBody()?['Staff']?['Email']","Subject":"@{triggerBody()?['LeaveTypeName']} leave was rejected by your manager [UID: @{triggerBody()?['GPMUID']}]","Body":"<div style=\"font-size:18px !important;\">Hi @{triggerBody()?['Staff']?['DisplayName']},<br>\n<br>\nYour @{triggerBody()?['LeaveTypeName']} leave was rejected by @{body('Start_an_approval_(Manager)')?['responder']?['displayName']}.<br><br>\n<span style=\"color:#777;\">Approver comment:</span><br>\n@{body('Start_an_approval_(Manager)')?['comments']}<br><br>\n<hr><br>\n<b style=\"color:#777;\">Leave details</b><br>\n<span style=\"color:#777;\">Dates:</span> <b>@{formatDateTime(triggerBody()?['StartDate'], 'd MMM yyyy')}, @{triggerBody()?['StartAMPM']?['Value']}</b> >>> <b>@{formatDateTime(triggerBody()?['EndDate'], 'd MMM yyyy')}, @{triggerBody()?['EndAMPM']?['Value']}</b><br>\n<span style=\"color:#777;\">Day(s):</span> <b>@{triggerBody()?['LeaveDays']}</b><br>\n<span style=\"color:#777;\">Description:</span><br>\n@{triggerBody()?['Desc']}</div><br>\n<br>\n<br>\n<span title=\"Leave Applications - New\" style=\"color:red;\">(do NOT reply to this email)</span><br>","IsHtml":true},"path":"/Mail","authentication":"@parameters('$authentication')"}}}},"expression":{"equals":["@variables('varInitApprovalResponse')","Approve"]},"type":"If","description":"Check Approval via ITEM CREATED result. If Approve, check if the Status column is not yet set to APPROVED."},"Send_an_email_Staff":{"runAfter":{},"metadata":{"flowSystemMetadata":{"swaggerOperationId":"SendEmail"}},"type":"ApiConnection","inputs":{"host":{"connection":{"name":"@parameters('$connections')['shared_office365_1']['connectionId']"},"api":{"runtimeUrl":"https://asia-001.azure-apim.net/apim/office365"}},"method":"post","body":{"To":"@triggerBody()?['Staff']?['Email']","Subject":"@variables('varNewLeaveEmailSubject')","Body":"Hi @{triggerBody()?['Staff']?['DisplayName']}<br>\n<br>\nYour @{triggerBody()?['LeaveTypeName']} leave has been submitted. Approval notification will be sent to @{triggerBody()?['Approver']?['DisplayName']} shortly.<br>\n<br><hr>\nStart date: @{formatDateTime(triggerBody()?['StartDate'], 'MMM dd, yyyy')},  @{triggerBody()?['StartAMPM']?['Value']}<br>\nEnd date : @{formatDateTime(triggerBody()?['EndDate'], 'MMM dd, yyyy')},  @{triggerBody()?['EndAMPM']?['Value']}<br>\nLeave days: @{triggerBody()?['LeaveDays']}<br>\nReason:<br>\n@{triggerBody()?['Desc']}\n<br><br><br>\n<small style='color:#777;'>(do NOT reply to this email)</small>","IsHtml":true},"path":"/Mail","authentication":"@parameters('$authentication')"}}},"runAfter":{"Set_varBalanceWithPending":["Succeeded"]},"else":{"actions":{"Set_WFStatus_to_\"CANCELLED\"":{"runAfter":{},"metadata":{"flowSystemMetadata":{"swaggerOperationId":"PatchItem"}},"type":"ApiConnection","inputs":{"host":{"connection":{"name":"@parameters('$connections')['shared_sharepointonline_2']['connectionId']"},"api":{"runtimeUrl":"https://asia-001.azure-apim.net/apim/sharepointonline"}},"method":"patch","body":{"Title":"@triggerBody()?['Title']","StartDate":"@triggerBody()?['StartDate']","EndDate":"@triggerBody()?['EndDate']","LeaveDays":"@triggerBody()?['LeaveDays']","StaffDirectoryID":"@triggerBody()?['StaffDirectoryID']","LeaveTypeID":"@triggerBody()?['LeaveTypeID']","LeaveTypeName":"@triggerBody()?['LeaveTypeName']","GPMUID":"@triggerBody()?['GPMUID']","StartAMPM":{"Value":"AM"},"EndAMPM":{"Value":"PM"},"Notes":"@{triggerBody()?['Notes']}\n\n[@{utcNow()}]\nNot enough balance.","Status":{"Value":"PENDING"},"WFStatus":{"Value":"CANCELLED"},"CancellRequested":false,"CancellationStatus":{"Value":"NONE"}},"path":"/datasets/@{encodeURIComponent(encodeURIComponent('https://allotech.sharepoint.com/sites/Apps/eLeave'))}/tables/@{encodeURIComponent(encodeURIComponent('554129a2-cd0c-4925-9243-73334f44b880'))}/items/@{encodeURIComponent(triggerBody()?['ID'])}","authentication":"@parameters('$authentication')"}},"Send_an_email_to_Staff_due_to_bal_issue":{"runAfter":{"Set_WFStatus_to_\"CANCELLED\"":["Succeeded"]},"metadata":{"flowSystemMetadata":{"swaggerOperationId":"SendEmail"}},"type":"ApiConnection","inputs":{"host":{"connection":{"name":"@parameters('$connections')['shared_office365_1']['connectionId']"},"api":{"runtimeUrl":"https://asia-001.azure-apim.net/apim/office365"}},"method":"post","body":{"To":"@triggerBody()?['Staff']?['Email']","Subject":"Not enough leave balance for @{triggerBody()?['LeaveTypeName']} leave","Body":"<div style='padding:10px 25px;'>\nHi @{triggerBody()?['Staff']?['DisplayName']},<br>\n<br>\nOur leave system did not submit your @{triggerBody()?['LeaveTypeName']} leave application due to insufficient balance.<br>\nYour remaining balance is @{variables('varBalance')} and this request has a total of @{variables('varReqLDaysWithPending')} days including pending <br>\n<br>\nPlease let your manager/HR approve or reject a pending leave form first before you can apply again for this leave type.<br>\n<br><br>\nThank you.<br>\n<br><br>\n<small style='color:#ff0000;'>[Do not reply this email]</small>\n</div>","IsHtml":true},"path":"/Mail","authentication":"@parameters('$authentication')"}}}},"expression":{"greaterOrEquals":["@variables('varBalance')","@variables('varReqLDaysWithPending')"]},"type":"If","description":"If balance is not enough after combining leave days (new) and total number of pending days, cancel the form."},"Initialize_varInitApprovalResponse":{"runAfter":{"Initialize_varCLABal":["Succeeded"]},"type":"InitializeVariable","inputs":{"variables":[{"name":"varInitApprovalResponse","type":"String"}]}},"Initialize_varCurItemObjectTemp":{"runAfter":{"Initialize_variable":["Succeeded"]},"type":"InitializeVariable","inputs":{"variables":[{"name":"varCurItemObjectTemp","type":"Object"}]}},"Initialize_varGetWFStatusID":{"runAfter":{"Initialize_varCurItemObjectTemp":["Succeeded"]},"type":"InitializeVariable","inputs":{"variables":[{"name":"varGetWFStatusID","type":"Integer"}]}},"Initialize_varLeaveBalanceNewValue":{"runAfter":{"Initialize_varGetWFStatusID":["Succeeded"]},"type":"InitializeVariable","inputs":{"variables":[{"name":"varLeaveBalanceNewValue","type":"Float"}]}},"Initialize_varLeavetakenNewValue":{"runAfter":{"Initialize_varLeaveBalanceNewValue":["Succeeded"]},"type":"InitializeVariable","inputs":{"variables":[{"name":"varLeaveTakenNewValue","type":"Float"}]}},"Initialize_varDateModified":{"runAfter":{"Initialize_varLeavetakenNewValue":["Succeeded"]},"type":"InitializeVariable","inputs":{"variables":[{"name":"varDateModified","type":"String"}]}},"Initialize_varApprovalMessage":{"runAfter":{"Initialize_varDateModified":["Succeeded"]},"type":"InitializeVariable","inputs":{"variables":[{"name":"varApprovalMessage","type":"String"}]}},"Initialize_varApproverComments":{"runAfter":{"Initialize_varApprovalMessage":["Succeeded"]},"type":"InitializeVariable","inputs":{"variables":[{"name":"varApproverComments","type":"String"}]}},"Initialize_varTaken":{"runAfter":{"Initialize_varBalance":["Succeeded"]},"type":"InitializeVariable","inputs":{"variables":[{"name":"varTaken","type":"Float"}]}},"Initialize_varNewLeaveEmailSubject":{"runAfter":{"Initialize_varApprover2Comments":["Succeeded"]},"type":"InitializeVariable","inputs":{"variables":[{"name":"varNewLeaveEmailSubject","type":"String"}]}},"If_Staff_col_email_is_equals_to_author_email":{"actions":{"Set_varNewLeaveEmailSubject_as_staff":{"runAfter":{},"type":"SetVariable","inputs":{"name":"varNewLeaveEmailSubject","value":"@{triggerBody()?['LeaveTypeName']} leave was submitted"}}},"runAfter":{"Initialize_varNewLeaveEmailSubject":["Succeeded"]},"else":{"actions":{"Set_variable":{"runAfter":{},"type":"SetVariable","inputs":{"name":"varNewLeaveEmailSubject","value":"@{triggerBody()?['LeaveTypeName']} leave was submitted by @{triggerBody()?['Author']?['DisplayName']}"}}}},"expression":{"equals":["@triggerBody()?['Approver']?['Email']","@triggerBody()?['Author']?['Email']"]},"type":"If"},"Initialize_variable":{"runAfter":{"Initialize_varInitApprovalResponse":["Succeeded"]},"type":"InitializeVariable","inputs":{"variables":[{"name":"varInitApproval2Response","type":"string"}]}},"Initialize_varApprover2Comments":{"runAfter":{"Initialize_varApproverComments":["Succeeded"]},"type":"InitializeVariable","inputs":{"variables":[{"name":"varApprover2Comments","type":"string"}]}}},"outputs":{}},"connectionReferences":{"shared_sharepointonline_2":{"connectionName":"d1a19ffe449b4ed88843c3a2256f11e9","source":"Embedded","id":"/providers/Microsoft.PowerApps/apis/shared_sharepointonline","tier":"NotSpecified"},"shared_approvals":{"connectionName":"1e53c850470743b5ae5053b2b512a35d","source":"Embedded","id":"/providers/Microsoft.PowerApps/apis/shared_approvals","tier":"NotSpecified"},"shared_office365_1":{"connectionName":"1e4542ac7ba6483cb77d8a6ca3e2b001","source":"Embedded","id":"/providers/Microsoft.PowerApps/apis/shared_office365","tier":"NotSpecified"}},"flowFailureAlertSubscribed":false}}