{"schemaVersion":"1.0","appDefinitionTemplate":{"id":"/providers/Microsoft.PowerApps/apps/","type":"Microsoft.PowerApps/apps","tags":{"minimumRequiredApiVersion":"2.2.0","primaryDeviceWidth":"1136","primaryDeviceHeight":"640","sienaVersion":"20200428T035041Z-3.20023.8.0","deviceCapabilities":"","supportsPortrait":"false","supportsLandscape":"true","primaryFormFactor":"Phone","publisherVersion":"3.20023.8","hasComponent":"false","hasUnlockedComponent":"false"},"properties":{"appVersion":"2020-04-28T03:50:41Z","lifeCycleId":"Published","createdByClientVersion":{"major":3,"minor":20023,"build":8,"revision":0,"majorRevision":0,"minorRevision":0},"minClientVersion":{"major":3,"minor":20023,"build":8,"revision":0,"majorRevision":0,"minorRevision":0},"backgroundColor":"rgba(0, 176, 240, 1)","backgroundImageUri":"/6903754678389855627/N40ee4ed3-8768-4ac0-ad9e-5a1f89d3a31e-logoSmallFile","displayName":"eLeave","description":"","commitMessage":"","appUris":{"documentUri":{"value":"/6903754678389855627/Nc09f0707-dbea-4b41-b3d6-a8af85655466-document.msapp","readonlyValue":"/6903754678389855627/Nc09f0707-dbea-4b41-b3d6-a8af85655466-document.msapp"},"imageUris":[]},"createdTime":"0001-01-01T00:00:00Z","lastModifiedTime":"0001-01-01T00:00:00Z","sharedGroupsCount":0,"sharedUsersCount":0,"icons":{"smallIconUri":"/6903754678389855627/N64ea0704-213d-433d-a841-95c00823212e-small.png","mediumIconUri":"/6903754678389855627/N0fa1f95a-805a-4563-afc0-bd497f07a48a-medium.png","largeIconUri":"/6903754678389855627/N3adbac32-cc8e-41a3-a474-03edace00730-large.png","wideIconUri":"/6903754678389855627/Nd002bd6d-ebc3-4125-af09-04d47765ab6c-wide.png"},"connectionReferences":{"27ac0ff4-ce32-457a-a136-b7b4aca97906":{"id":"7a12bc99-19c3-493d-9f2f-f67d800ca8dd","displayName":"Office 365 Users","iconUri":"https://connectoricons-prod.azureedge.net/office365users/icon_1.0.1335.1964.png","dataSources":["Office365Users"],"dependencies":[],"dependents":[],"parameterHints":{},"isOnPremiseConnection":false,"bypassConsent":false,"dataSets":{},"apiTier":"Standard","isCustomApiConnection":false},"f6863a9d-e1e6-47a5-9c58-246fb4a4c4f2":{"id":"ef341ae2-3f97-41fb-8901-6f1779cdc313","displayName":"SharePoint","iconUri":"https://connectoricons-prod.azureedge.net/sharepointonline/icon_1.0.1329.1954.png","dataSources":["eLeave Config","Entitlements","HR Group","Leave Assignment","Leave Names","Leave Applications","Leave Types","Public Holidays","Leave App Users"],"dependencies":[],"dependents":[],"parameterHints":{},"isOnPremiseConnection":false,"bypassConsent":false,"dataSets":{"https://allotech.sharepoint.com/sites/Apps/eLeave":{"dataSources":{"eLeave Config":{"tableName":"d35db792-2ec0-4c7f-9c8f-c37c95a474cc"},"Entitlements":{"tableName":"d5534159-c0f4-4648-8701-31440df9520f"},"HR Group":{"tableName":"6e8c4ed0-590d-4407-bdf6-bfb131c0e839"},"Leave Assignment":{"tableName":"29eb481f-26cf-4bd0-a9a9-be050e18436e"},"Leave Names":{"tableName":"f64d571b-fbf2-4a83-9ba4-233750e83f59"},"Leave Applications":{"tableName":"554129a2-cd0c-4925-9243-73334f44b880"},"Leave Types":{"tableName":"6196926a-2cc6-4909-8d3a-858f459c2e7f"},"Public Holidays":{"tableName":"0ac425c0-54df-4fab-9b89-ffd9e7777e18"},"Leave App Users":{"tableName":"66785e67-f61b-4814-bdca-5a84ad38be90"}}}},"apiTier":"Standard","isCustomApiConnection":false},"8a2bb7c0-65bc-4042-a811-04475ebd5795":{"id":"ef341ae2-3f97-41fb-8901-6f1779cdc313","displayName":"SharePoint","iconUri":"https://connectoricons-prod.azureedge.net/sharepointonline/icon_1.0.1329.1954.png","dataSources":["Announcements"],"dependencies":[],"dependents":[],"parameterHints":{},"isOnPremiseConnection":false,"bypassConsent":false,"dataSets":{"https://allotech.sharepoint.com/sites/Apps/eLeave":{"dataSources":{"Announcements":{"tableName":"690feaec-2c06-4783-b202-f0aa68e20d93"}}}},"apiTier":"Standard","isCustomApiConnection":false}},"databaseReferences":{},"almMode":"Environment","performanceOptimizationEnabled":false},"isAppComponentLibrary":false,"appType":"ClassicCanvasApp","appComponents":[]}}