{"name":"128e5efc-21b8-48ed-8668-ee0fdbc037d8","id":"/providers/Microsoft.Flow/flows/128e5efc-21b8-48ed-8668-ee0fdbc037d8","type":"Microsoft.Flow/flows","properties":{"apiId":"/providers/Microsoft.PowerApps/apis/shared_logicflows","displayName":"Leave Application - Item Update","definition":{"metadata":{"workflowEntityId":null,"creator":{"id":"e8604e7c-586c-4c98-8b3c-566181342c4f","type":"User","tenantId":"a87e6ba4-d7ec-4ef4-991c-fe8f3fba3243"},"provisioningMethod":"FromDefinition","failureAlertSubscription":true,"clientLastModifiedTime":"2020-04-28T07:44:32.4472714Z"},"$schema":"https://schema.management.azure.com/providers/Microsoft.Logic/schemas/2016-06-01/workflowdefinition.json#","contentVersion":"1.0.0.0","parameters":{"$connections":{"defaultValue":{},"type":"Object"},"$authentication":{"defaultValue":{},"type":"SecureObject"}},"triggers":{"Leave_Application_-_Item_updated":{"recurrence":{"frequency":"Minute","interval":5},"splitOn":"@triggerBody()?.value","metadata":{"flowSystemMetadata":{"swaggerOperationId":"GetOnUpdatedItems"}},"type":"ApiConnection","inputs":{"host":{"connection":{"name":"@parameters('$connections')['shared_sharepointonline_1']['connectionId']"},"api":{"runtimeUrl":"https://asia-001.azure-apim.net/apim/sharepointonline"}},"method":"get","path":"/datasets/@{encodeURIComponent(encodeURIComponent('https://allotech.sharepoint.com/sites/Apps/eLeave'))}/tables/@{encodeURIComponent(encodeURIComponent('554129a2-cd0c-4925-9243-73334f44b880'))}/onupdateditems","authentication":"@parameters('$authentication')"}}},"actions":{"Initialize_varApprovalDate":{"runAfter":{},"type":"InitializeVariable","inputs":{"variables":[{"name":"varApprovalDate","type":"String","value":"@{formatDateTime(utcNow(),'d mmm yyyy, hh:mm tt')}"}]}},"Initialize_varLeaveBalNewValue":{"runAfter":{"Initialize_varApprover":["Succeeded"]},"type":"InitializeVariable","inputs":{"variables":[{"name":"varLeaveBalNewValue","type":"Float"}]}},"Initialize_varLeaveTakenNewValue":{"runAfter":{"Initialize_varLeaveBalNewValue":["Succeeded"]},"type":"InitializeVariable","inputs":{"variables":[{"name":"varLeaveTakenNewValue","type":"Float"}]}},"Initialize_varApprover":{"runAfter":{"Initialize_varApprovalDate":["Succeeded"]},"type":"InitializeVariable","inputs":{"variables":[{"name":"varApprover","type":"String","value":"@triggerBody()?['Editor']?['DisplayName']"}]}},"Initialize_varBalance":{"runAfter":{"Initialize_varLeaveTakenNewValue":["Succeeded"]},"type":"InitializeVariable","inputs":{"variables":[{"name":"varBalance","type":"Float"}]}},"Initialize_varTaken":{"runAfter":{"Initialize_varBalance":["Succeeded"]},"type":"InitializeVariable","inputs":{"variables":[{"name":"varTaken","type":"Float"}]}},"Initialize_varProceedCheck":{"runAfter":{"Initialize_varTaken":["Succeeded"]},"type":"InitializeVariable","inputs":{"variables":[{"name":"varProceedCheck","type":"Boolean","value":false}]}},"Initialize_varProceedCancel":{"runAfter":{"Initialize_varProceedCheck":["Succeeded"]},"type":"InitializeVariable","inputs":{"variables":[{"name":"varProceedCancel","type":"Boolean","value":false}]}},"Confirm_Update":{"actions":{"If_Status_is_PENDING_proceed":{"actions":{"Check_WFStatus":{"runAfter":{},"cases":{"Case_STAFF_CANCELLED":{"case":"STAFF CANCELLED","actions":{"Switch_Status":{"runAfter":{},"cases":{"Status_=_APPROVED":{"case":"APPROVED","actions":{"Start_and_wait_for_cancellation_approval":{"runAfter":{},"metadata":{"flowSystemMetadata":{"swaggerOperationId":"approvalSubscribeV2"}},"type":"ApiConnectionWebhook","inputs":{"host":{"connection":{"name":"@parameters('$connections')['shared_approvals']['connectionId']"},"api":{"runtimeUrl":"https://asia-001.azure-apim.net/apim/approvals"}},"body":{"notificationUrl":"@{listCallbackUrl()}","title":"@{triggerBody()?['LeaveTypeName']} leave waiting for your approval for @{triggerBody()?['Staff']?['DisplayName']} [UID: @{triggerBody()?['GPMUID']}]","assignedTo":"@triggerBody()?['Approver']?['Email']","details":"@{formatDateTime(triggerBody()?['StartDate'], 'd MMM yyyy')} - @{triggerBody()?['StartAMPM']?['Value']} to @{formatDateTime(triggerBody()?['EndDate'], 'd MMM yyyy')} - @{triggerBody()?['EndAMPM']?['Value']}\n...\nDescription:\n@{triggerBody()?['Desc']}\n...\nCancellation reason:\n@{triggerBody()?['CancellationReason']}","enableNotifications":true},"path":"/types/@{encodeURIComponent('Basic')}/$subscriptions","authentication":"@parameters('$authentication')"},"description":"Send the cancellation approval to the initial approver."},"If_cancellation_is_approved":{"actions":{"Get_Leave_Assignment":{"runAfter":{},"metadata":{"flowSystemMetadata":{"swaggerOperationId":"GetItems"}},"type":"ApiConnection","inputs":{"host":{"connection":{"name":"@parameters('$connections')['shared_sharepointonline_1']['connectionId']"},"api":{"runtimeUrl":"https://asia-001.azure-apim.net/apim/sharepointonline"}},"method":"get","path":"/datasets/@{encodeURIComponent(encodeURIComponent('https://allotech.sharepoint.com/sites/Apps/eLeave'))}/tables/@{encodeURIComponent(encodeURIComponent('29eb481f-26cf-4bd0-a9a9-be050e18436e'))}/items","queries":{"$filter":"Id eq @{triggerBody()?['StaffDirectoryID']}","$top":1},"authentication":"@parameters('$authentication')"}},"Set_varBalance_for_cancellation":{"runAfter":{"Get_Leave_Assignment":["Succeeded"]},"type":"SetVariable","inputs":{"name":"varBalance","value":"@body('Get_Leave_Assignment')?['value']?[0]?['Balance']"}},"Set_varTaken_for_cancellation":{"runAfter":{"Set_varBalance_for_cancellation":["Succeeded"]},"type":"SetVariable","inputs":{"name":"varTaken","value":"@body('Get_Leave_Assignment')?['value']?[0]?['Taken']"}},"Set_varLeaveTakenNewValue_for_cancellation":{"runAfter":{"Set_varTaken_for_cancellation":["Succeeded"]},"type":"SetVariable","inputs":{"name":"varLeaveTakenNewValue","value":"@sub(variables('varTaken'),triggerBody()?['LeaveDays'])"}},"Set_varLeaveBalNewValue_for_cancellation":{"runAfter":{"Set_varLeaveTakenNewValue_for_cancellation":["Succeeded"]},"type":"SetVariable","inputs":{"name":"varLeaveBalNewValue","value":"@add(variables('varBalance'),triggerBody()?['LeaveDays'])"}},"For_each_Get_Leave_Assignment":{"foreach":"@body('Get_Leave_Assignment')?['value']","actions":{"Update_Leave_Assignment_item_via_LeaveTypeID":{"runAfter":{},"metadata":{"flowSystemMetadata":{"swaggerOperationId":"PatchItem"}},"type":"ApiConnection","inputs":{"host":{"connection":{"name":"@parameters('$connections')['shared_sharepointonline_1']['connectionId']"},"api":{"runtimeUrl":"https://asia-001.azure-apim.net/apim/sharepointonline"}},"method":"patch","body":{"UID":"@items('For_each_Get_Leave_Assignment')?['UID']","Title":"@items('For_each_Get_Leave_Assignment')?['Title']","Balance":"@variables('varLeaveBalNewValue')","Taken":"@variables('varLeaveTakenNewValue')","CarryOver":"@items('For_each_Get_Leave_Assignment')?['CarryOver']","Year":"@items('For_each_Get_Leave_Assignment')?['Year']","SpecifyApprover":"@items('For_each_Get_Leave_Assignment')?['SpecifyApprover']","Entitlement":"@items('For_each_Get_Leave_Assignment')?['Entitlement']","PastDateBooking":"@items('For_each_Get_Leave_Assignment')?['PastDateBooking']","LeaveType":{"Id":"@items('For_each_Get_Leave_Assignment')?['LeaveType']?['Id']"},"Staff":{"Claims":"@items('For_each_Get_Leave_Assignment')?['Staff']?['Claims']"}},"path":"/datasets/@{encodeURIComponent(encodeURIComponent('https://allotech.sharepoint.com/sites/Apps/eLeave'))}/tables/@{encodeURIComponent(encodeURIComponent('29eb481f-26cf-4bd0-a9a9-be050e18436e'))}/items/@{encodeURIComponent(triggerBody()?['StaffDirectoryID'])}","authentication":"@parameters('$authentication')"}}},"runAfter":{"Set_varLeaveBalNewValue_for_cancellation":["Succeeded"]},"type":"Foreach","description":"Restore leave balance. Use loop for easier access to result values. Top Count = 1 must be specified in the Get Item action."},"Update_form_as_cancelled":{"runAfter":{"For_each_Get_Leave_Assignment":["Succeeded"]},"metadata":{"flowSystemMetadata":{"swaggerOperationId":"PatchItem"}},"type":"ApiConnection","inputs":{"host":{"connection":{"name":"@parameters('$connections')['shared_sharepointonline_1']['connectionId']"},"api":{"runtimeUrl":"https://asia-001.azure-apim.net/apim/sharepointonline"}},"method":"patch","body":{"Title":"@triggerBody()?['Title']","StartDate":"@triggerBody()?['StartDate']","EndDate":"@triggerBody()?['EndDate']","LeaveDays":"@triggerBody()?['LeaveDays']","StaffDirectoryID":"@triggerBody()?['StaffDirectoryID']","LeaveTypeID":"@triggerBody()?['LeaveTypeID']","LeaveTypeName":"@triggerBody()?['LeaveTypeName']","GPMUID":"@triggerBody()?['GPMUID']","Desc":"@triggerBody()?['Desc']","StartAMPM":{"Value":"@triggerBody()?['StartAMPM']?['Value']"},"EndAMPM":{"Value":"@triggerBody()?['EndAMPM']?['Value']"},"Notes":"@triggerBody()?['Notes']","Status":{"Value":"CANCELLED"},"Approver":{"Claims":"@triggerBody()?['Approver']?['Claims']"},"Staff":{"Claims":"@triggerBody()?['Staff']?['Claims']"},"WFStatus":{"Value":"CANCELLATION APPROVED"},"CancellRequested":true,"CancellationStatus":{"Value":"APPROVED"},"Emergency":"@triggerBody()?['Emergency']","CancellationReason":"@triggerBody()?['CancellationReason']","DateApproved":"@triggerBody()?['DateApproved']"},"path":"/datasets/@{encodeURIComponent(encodeURIComponent('https://allotech.sharepoint.com/sites/Apps/eLeave'))}/tables/@{encodeURIComponent(encodeURIComponent('554129a2-cd0c-4925-9243-73334f44b880'))}/items/@{encodeURIComponent(triggerBody()?['ID'])}","authentication":"@parameters('$authentication')"},"description":"Set Cancellation Status as APPROVED and WFStatus as CANCELLED."},"Notify_staff_for_cancellation_approval":{"runAfter":{"Update_form_as_cancelled":["Succeeded"]},"metadata":{"flowSystemMetadata":{"swaggerOperationId":"SendEmail"}},"type":"ApiConnection","inputs":{"host":{"connection":{"name":"@parameters('$connections')['shared_office365_1']['connectionId']"},"api":{"runtimeUrl":"https://asia-001.azure-apim.net/apim/office365"}},"method":"post","body":{"To":"@triggerBody()?['Staff']?['Email']","Subject":"@{triggerBody()?['LeaveTypeName']} leave cancellation was approved [UID: @{triggerBody()?['GPMUID']}]","Body":"<div style='font-size:18px;'>\nHi @{triggerBody()?['Staff']?['DisplayName']},<br>\nYour application for leave cancellation was approved by @{body('Start_and_wait_for_cancellation_approval')?['responder']?['displayName']}.<br><br>\nApprover comment:<br>\n@{body('Start_and_wait_for_cancellation_approval')?['comments']}\n<hr>\n<b style='color:#777;'>Leave details</b><br>\n<span style='color:#777;'>Dates: </span><b>@{formatDateTime(triggerBody()?['StartDate'], 'd MMM yyyy')} - @{triggerBody()?['StartAMPM']?['Value']}</b> >>> <b>@{formatDateTime(triggerBody()?['EndDate'], 'd MMM yyyy')} - @{triggerBody()?['EndAMPM']?['Value']}</b><br>\n<span style='color:#777;'>Day(s): </span><b>@{triggerBody()?['LeaveDays']}</b><br>\n<span style='color:#777;'>Description</span><br>\n@{triggerBody()?['Desc']}<br>\n<span style='color:#777;'>Cancellation reason:</span><br>\n@{triggerBody()?['CancellationReason']}\n</div><br><br>\n<span style='color:#ff0000;'>(do NOT reply this email)</span>","IsHtml":true},"path":"/Mail","authentication":"@parameters('$authentication')"}},"Create_cancellation_approved_log":{"runAfter":{"Notify_staff_for_cancellation_approval":["Succeeded"]},"metadata":{"flowSystemMetadata":{"swaggerOperationId":"PostItem"}},"type":"ApiConnection","inputs":{"host":{"connection":{"name":"@parameters('$connections')['shared_sharepointonline_1']['connectionId']"},"api":{"runtimeUrl":"https://asia-001.azure-apim.net/apim/sharepointonline"}},"method":"post","body":{"Title":"@triggerBody()?['GPMUID']","LeaveApplicationID":"@triggerBody()?['ID']","Desc":"@{body('Start_and_wait_for_cancellation_approval')?['responder']?['displayName']} approved cancellation request by @{triggerBody()?['Staff']?['DisplayName']}.:::Dates: @{formatDateTime(triggerBody()?['StartDate'], 'd MMM yyyy')} - @{triggerBody()?['StartAMPM']?['Value']} to @{formatDateTime(triggerBody()?['EndDate'], 'd MMM yyyy')} - @{triggerBody()?['EndAMPM']?['Value']}:::Days to restore: @{triggerBody()?['LeaveDays']} day(s).:::Restored balance total: @{variables('varLeaveBalNewValue')} day(s).:::Restored taken total: @{variables('varLeaveTakenNewValue')} day(s).:::Reason: @{triggerBody()?['CancellationReason']}","DateModified":"@{utcNow()}","ModifiedBy":{"Claims":"@triggerBody()?['Approver']?['Claims']"},"ApprovedBy":{"Claims":"@triggerBody()?['Approver']?['Claims']"},"ManualApprove":false,"Result":"Cancellation @{body('Start_and_wait_for_cancellation_approval')?['response']}"},"path":"/datasets/@{encodeURIComponent(encodeURIComponent('https://allotech.sharepoint.com/sites/Apps/eLeave'))}/tables/@{encodeURIComponent(encodeURIComponent('fb8749a4-2e29-46cf-bb95-2d8e5c443a73'))}/items","authentication":"@parameters('$authentication')"}}},"runAfter":{"Start_and_wait_for_cancellation_approval":["Succeeded"]},"else":{"actions":{"Notify_staff_for_cancellation_declined":{"runAfter":{"Update_Form_where_Approver_rejected_cancellation":["Succeeded"]},"metadata":{"flowSystemMetadata":{"swaggerOperationId":"SendEmail"}},"type":"ApiConnection","inputs":{"host":{"connection":{"name":"@parameters('$connections')['shared_office365_1']['connectionId']"},"api":{"runtimeUrl":"https://asia-001.azure-apim.net/apim/office365"}},"method":"post","body":{"To":"@{triggerBody()?['Staff']?['Email']};","Subject":"@{triggerBody()?['LeaveTypeName']} leave cancellation was declined [UID: @{triggerBody()?['GPMUID']}]","Body":"<div style='font-size:18px;'>\nHi @{triggerBody()?['Staff']?['DisplayName']},<br>\nYour request for @{triggerBody()?['LeaveTypeName']} leave cancellation was rejected by @{body('Start_and_wait_for_cancellation_approval')?['responder']?['displayName']}.<br><br>\nApprover comment:\n@{body('Start_and_wait_for_cancellation_approval')?['comments']}\n<hr>\n<b style='color:#777;'>Leave Details</b><br>\n<span style='color:#777;'>Dates: </span><b>@{formatDateTime(triggerBody()?['StartDate'], 'd MMM yyyy')} - @{triggerBody()?['StartAMPM']?['Value']}</b> to <b>@{formatDateTime(triggerBody()?['EndDate'], 'd MMM yyyy')} - @{triggerBody()?['EndAMPM']?['Value']}</b><br>\n<span style='color:#777;'>Day(s): </span><b>@{triggerBody()?['LeaveDays']}</b><br>\n<span style='color:#777;'>Description:</span><br>\n@{triggerBody()?['Desc']}<br><br>\n<span style='color:#777;'>Cancellation reason:</span><br>\n@{triggerBody()?['CancellationReason']}\n</div><br><br>\n<span style='color:#ff0000;'>(do NOT reply this email)</span>","IsHtml":true},"path":"/Mail","authentication":"@parameters('$authentication')"}},"Create_cancellation_declined_log":{"runAfter":{"Notify_staff_for_cancellation_declined":["Succeeded"]},"metadata":{"flowSystemMetadata":{"swaggerOperationId":"PostItem"}},"type":"ApiConnection","inputs":{"host":{"connection":{"name":"@parameters('$connections')['shared_sharepointonline_1']['connectionId']"},"api":{"runtimeUrl":"https://asia-001.azure-apim.net/apim/sharepointonline"}},"method":"post","body":{"Title":"@triggerBody()?['GPMUID']","LeaveApplicationID":"@triggerBody()?['ID']","Desc":"@{body('Start_and_wait_for_cancellation_approval')?['responder']?['displayName']} declined cancellation request by @{triggerBody()?['Staff']?['DisplayName']}.:::Dates: @{formatDateTime(triggerBody()?['StartDate'], 'd MMM yyyy')} - @{triggerBody()?['StartAMPM']?['Value']} to @{formatDateTime(triggerBody()?['EndDate'], 'd MMM yyyy')} - @{triggerBody()?['EndAMPM']?['Value']}.:::Approver comments: @{body('Start_and_wait_for_cancellation_approval')?['comments']}","DateModified":"@{utcNow()}","ModifiedBy":{"Claims":"@triggerBody()?['Approver']?['Claims']"},"ApprovedBy":{"Claims":"@triggerBody()?['Approver']?['Claims']"},"ManualApprove":false,"Result":"Cancellation @{body('Start_and_wait_for_cancellation_approval')?['response']}"},"path":"/datasets/@{encodeURIComponent(encodeURIComponent('https://allotech.sharepoint.com/sites/Apps/eLeave'))}/tables/@{encodeURIComponent(encodeURIComponent('fb8749a4-2e29-46cf-bb95-2d8e5c443a73'))}/items","authentication":"@parameters('$authentication')"}},"Update_Form_where_Approver_rejected_cancellation":{"runAfter":{},"metadata":{"flowSystemMetadata":{"swaggerOperationId":"PatchItem"}},"type":"ApiConnection","inputs":{"host":{"connection":{"name":"@parameters('$connections')['shared_sharepointonline_1']['connectionId']"},"api":{"runtimeUrl":"https://asia-001.azure-apim.net/apim/sharepointonline"}},"method":"patch","body":{"Title":"@triggerBody()?['Title']","StartDate":"@triggerBody()?['StartDate']","EndDate":"@triggerBody()?['EndDate']","LeaveDays":"@triggerBody()?['LeaveDays']","StaffDirectoryID":"@triggerBody()?['StaffDirectoryID']","LeaveTypeID":"@triggerBody()?['LeaveTypeID']","LeaveTypeName":"@triggerBody()?['LeaveTypeName']","GPMUID":"@triggerBody()?['GPMUID']","Desc":"@triggerBody()?['Desc']","StartAMPM":{"Value":"@triggerBody()?['StartAMPM']?['Value']"},"EndAMPM":{"Value":"@triggerBody()?['EndAMPM']?['Value']"},"Status":{"Value":"@triggerBody()?['Status']?['Value']"},"Approver":{"Claims":"@triggerBody()?['Approver']?['Claims']"},"Staff":{"Claims":"@triggerBody()?['Staff']?['Claims']"},"WFStatus":{"Value":"@triggerBody()?['WFStatus']?['Value']"},"CancellRequested":false,"CancellationStatus":{"Value":"CANCELLATION REJECTED"},"Emergency":"@triggerBody()?['Emergency']","CancellationReason":"@triggerBody()?['CancellationReason']","DateApproved":"@triggerBody()?['DateApproved']"},"path":"/datasets/@{encodeURIComponent(encodeURIComponent('https://allotech.sharepoint.com/sites/Apps/eLeave'))}/tables/@{encodeURIComponent(encodeURIComponent('554129a2-cd0c-4925-9243-73334f44b880'))}/items/@{encodeURIComponent(triggerBody()?['ID'])}","authentication":"@parameters('$authentication')"},"description":"Revert Cancel requested to NO so that staff can request for cancellation again. Set Cancellation Status to REJECTED."}}},"expression":{"equals":["@body('Start_and_wait_for_cancellation_approval')?['response']","Approve"]},"type":"If"}}},"Status_=_PENDING":{"case":"PENDING","actions":{"Update_form_as_cancelled_by_staff":{"runAfter":{},"metadata":{"flowSystemMetadata":{"swaggerOperationId":"PatchItem"}},"type":"ApiConnection","inputs":{"host":{"connection":{"name":"@parameters('$connections')['shared_sharepointonline_1']['connectionId']"},"api":{"runtimeUrl":"https://asia-001.azure-apim.net/apim/sharepointonline"}},"method":"patch","body":{"Title":"@triggerBody()?['Title']","StartDate":"@triggerBody()?['StartDate']","EndDate":"@triggerBody()?['EndDate']","LeaveDays":"@triggerBody()?['LeaveDays']","StaffDirectoryID":"@triggerBody()?['StaffDirectoryID']","LeaveTypeID":"@triggerBody()?['LeaveTypeID']","LeaveTypeName":"@triggerBody()?['LeaveTypeName']","GPMUID":"@triggerBody()?['GPMUID']","Desc":"@triggerBody()?['Desc']","StartAMPM":{"Value":"@triggerBody()?['StartAMPM']?['Value']"},"EndAMPM":{"Value":"@triggerBody()?['EndAMPM']?['Value']"},"Notes":"@{triggerBody()?['Notes']}.:::[@{formatDateTime(utcNow(), 'd MMM yyyy, hh:mm t')}] Cancelled by @{triggerBody()?['Editor']?['DisplayName']} on PENDING status.","Status":{"Value":"CANCELLED"},"Approver":{"Claims":"@triggerBody()?['Approver']?['Claims']"},"Staff":{"Claims":"@triggerBody()?['Staff']?['Claims']"},"WFStatus":{"Value":"CANCELLED"},"CancellRequested":true,"CancellationStatus":{"Value":"CANCELLATION APPROVED"},"CancellationReason":"@triggerBody()?['CancellationReason']"},"path":"/datasets/@{encodeURIComponent(encodeURIComponent('https://allotech.sharepoint.com/sites/Apps/eLeave'))}/tables/@{encodeURIComponent(encodeURIComponent('554129a2-cd0c-4925-9243-73334f44b880'))}/items/@{encodeURIComponent(triggerBody()?['ID'])}","authentication":"@parameters('$authentication')"}},"Notify_approver_of_PENDING_form_cancellation":{"runAfter":{"Update_form_as_cancelled_by_staff":["Succeeded"]},"metadata":{"flowSystemMetadata":{"swaggerOperationId":"SendEmail"}},"type":"ApiConnection","inputs":{"host":{"connection":{"name":"@parameters('$connections')['shared_office365_1']['connectionId']"},"api":{"runtimeUrl":"https://asia-001.azure-apim.net/apim/office365"}},"method":"post","body":{"To":"@triggerBody()?['Approver']?['Email']","Subject":"@{triggerBody()?['Staff']?['DisplayName']} cancelled @{triggerBody()?['Status']?['Value']} @{triggerBody()?['LeaveTypeName']} leave [UID: @{triggerBody()?['GPMUID']}]","Body":"<div style='font-size:18px;'>@{triggerBody()?['Staff']?['DisplayName']} cancelled his/her @{triggerBody()?['LeaveTypeName']} NON-approved leave form.<br>\n<hr>\n<b style='color:#777;'>Leave details</b><br>\n<span style='color:#777;'>Dates: </span><b> @{formatDateTime(triggerBody()?['StartDate'], 'd MMM yyyy')} - @{triggerBody()?['StartAMPM']?['Value']} to @{formatDateTime(triggerBody()?['EndDate'], 'd MMM yyyy')} - @{triggerBody()?['EndAMPM']?['Value']}</b><br>\n<span style='color:#777;'>Day(s): </span><b>@{triggerBody()?['LeaveDays']}</b><br>\n<span style='color:#777;'>Desc:</span><br>\n@{triggerBody()?['Desc']}<br>\n<span style='color:#777;'>Cancellation reason:</span><br>\n@{triggerBody()?['CancellationReason']}\n</div>\n<br><br>\n<span style='color:#ff0000;'>(do NOT reply this email)</span>","Cc":"@triggerBody()?['Staff']?['Email']","IsHtml":true},"path":"/Mail","authentication":"@parameters('$authentication')"}}}}},"default":{"actions":{}},"expression":"@triggerBody()?['Status']?['Value']","type":"Switch","description":"If Staff initiated cancellation and status is APPROVED, manager needs to approve cancellation."}}},"Case_INITIAL_APPROVED_-_Manager_Approve_from_App":{"case":"INITIAL APPROVED","actions":{"Update_current_form_status":{"runAfter":{},"metadata":{"flowSystemMetadata":{"swaggerOperationId":"PatchItem"}},"type":"ApiConnection","inputs":{"host":{"connection":{"name":"@parameters('$connections')['shared_sharepointonline_1']['connectionId']"},"api":{"runtimeUrl":"https://asia-001.azure-apim.net/apim/sharepointonline"}},"method":"patch","body":{"Title":"@triggerBody()?['Title']","StartDate":"@triggerBody()?['StartDate']","EndDate":"@triggerBody()?['EndDate']","LeaveDays":"@triggerBody()?['LeaveDays']","StaffDirectoryID":"@triggerBody()?['StaffDirectoryID']","LeaveTypeID":"@triggerBody()?['LeaveTypeID']","LeaveTypeName":"@triggerBody()?['LeaveTypeName']","GPMUID":"@triggerBody()?['GPMUID']","Desc":"@triggerBody()?['Desc']","StartAMPM":{"Value":"@triggerBody()?['StartAMPM']?['Value']"},"EndAMPM":{"Value":"@triggerBody()?['EndAMPM']?['Value']"},"Notes":"@triggerBody()?['Notes']","Status":{"Value":"APPROVED BY MANAGER"},"Approver":{"Claims":"@triggerBody()?['Approver']?['Claims']"},"Staff":{"Claims":"@triggerBody()?['Staff']?['Claims']"},"WFStatus":{"Value":"APPROVED BY MANAGER"},"CancellRequested":false,"CancellationStatus":{"Value":"NONE"},"Emergency":"@triggerBody()?['Emergency']","DateApproved":"@{utcNow()}"},"path":"/datasets/@{encodeURIComponent(encodeURIComponent('https://allotech.sharepoint.com/sites/Apps/eLeave'))}/tables/@{encodeURIComponent(encodeURIComponent('554129a2-cd0c-4925-9243-73334f44b880'))}/items/@{encodeURIComponent(triggerBody()?['ID'])}","authentication":"@parameters('$authentication')"}},"Send_notification_email_to_Staff":{"runAfter":{"Update_current_form_status":["Succeeded"]},"metadata":{"flowSystemMetadata":{"swaggerOperationId":"SendEmail"}},"type":"ApiConnection","inputs":{"host":{"connection":{"name":"@parameters('$connections')['shared_office365_1']['connectionId']"},"api":{"runtimeUrl":"https://asia-001.azure-apim.net/apim/office365"}},"method":"post","body":{"To":"@{triggerBody()?['Staff']?['Email']};","Subject":"@{triggerBody()?['LeaveTypeName']} leave was approved by manager [UID: @{triggerBody()?['GPMUID']}]","Body":"<div style=\"font-size:18px;\">Hi @{triggerBody()?['Staff']?['DisplayName']},<br>\n<br>\nYour @{triggerBody()?['LeaveTypeName']} leave was approved by @{variables('varApprover')}.<br>\n<hr>\n<b style='color:#777;'>Leave details</b>\nDates: @{formatDateTime(triggerBody()?['StartDate'], 'd MMM yyyy')}, @{triggerBody()?['StartAMPM']?['Value']} >>> @{formatDateTime(triggerBody()?['EndDate'], 'd MMM yyyy')}, @{triggerBody()?['EndAMPM']?['Value']}<br>\n...<br>\n<span style='color:#777;'>Description:</span><br>\n@{triggerBody()?['Desc']}<br>\n<br>\n\n<span style=\"color:red;\">(do NOT reply to this email)</span><br>","IsHtml":true},"path":"/Mail","authentication":"@parameters('$authentication')"}},"Send_email_for_CEO_Approval":{"runAfter":{"Send_notification_email_to_Staff":["Succeeded"]},"metadata":{"flowSystemMetadata":{"swaggerOperationId":"SendEmailV2"}},"type":"ApiConnection","inputs":{"host":{"connection":{"name":"@parameters('$connections')['shared_office365_1']['connectionId']"},"api":{"runtimeUrl":"https://asia-001.azure-apim.net/apim/office365"}},"method":"post","body":{"To":"supersrkk@allo.my","Subject":"@{triggerBody()?['Staff']?['DisplayName']} @{triggerBody()?['LeaveTypeName']}","Body":"<p>Hi,<br>\n<br>\nYou have a pending leave request.<br>\n<br>\nLeave Details<br>\n@{formatDateTime(triggerBody()?['StartDate'],'d MMM yyyy')}, @{triggerBody()?['StartAMPM']?['Value']} &gt;&gt;&gt;<br>\n@{formatDateTime(triggerBody()?['EndDate'],'d MMM yyyy')}, @{triggerBody()?['EndAMPM']?['Value']}<br>\n<br>\n@{triggerBody()?['LeaveDays']} day(s) @{triggerBody()?['LeaveTypeName']} leave.<br>\n<br>\n---<br>\nDescription: @{triggerBody()?['Desc']}</p>"},"path":"/v2/Mail","authentication":"@parameters('$authentication')"}}}},"Case_INITIAL_DECLINED":{"case":"INITIAL DECLINED","actions":{"Update_Leave_form_as_REJECTED":{"runAfter":{},"metadata":{"flowSystemMetadata":{"swaggerOperationId":"PatchItem"}},"type":"ApiConnection","inputs":{"host":{"connection":{"name":"@parameters('$connections')['shared_sharepointonline_1']['connectionId']"},"api":{"runtimeUrl":"https://asia-001.azure-apim.net/apim/sharepointonline"}},"method":"patch","body":{"Title":"@triggerBody()?['Title']","StartDate":"@triggerBody()?['StartDate']","EndDate":"@triggerBody()?['EndDate']","LeaveDays":"@triggerBody()?['LeaveDays']","StaffDirectoryID":"@triggerBody()?['StaffDirectoryID']","LeaveTypeID":"@triggerBody()?['LeaveTypeID']","LeaveTypeName":"@triggerBody()?['LeaveTypeName']","GPMUID":"@triggerBody()?['GPMUID']","Desc":"@triggerBody()?['Desc']","StartAMPM":{"Value":"@triggerBody()?['StartAMPM']?['Value']"},"EndAMPM":{"Value":"@triggerBody()?['EndAMPM']?['Value']"},"Notes":"@{triggerBody()?['Notes']}\n[@{formatDateTime(utcNow(),'d mmm yyyy, hh:mm')}] - Rejected by @{triggerBody()?['Editor']?['DisplayName']}.","Status":{"Value":"DECLINED"},"Approver":{"Claims":"@triggerBody()?['Editor']?['Claims']"},"Staff":{"Claims":"@triggerBody()?['Staff']?['Claims']"},"WFStatus":{"Value":"DECLINED"},"CancellRequested":false,"CancellationStatus":{"Value":"NONE"},"Emergency":"@triggerBody()?['Emergency']","DateApproved":"@triggerBody()?['Modified']"},"path":"/datasets/@{encodeURIComponent(encodeURIComponent('https://allotech.sharepoint.com/sites/Apps/eLeave'))}/tables/@{encodeURIComponent(encodeURIComponent('554129a2-cd0c-4925-9243-73334f44b880'))}/items/@{encodeURIComponent(triggerBody()?['ID'])}","authentication":"@parameters('$authentication')"},"description":"DateApproved column is used either actio nis approved or rejected."},"Notify_Staff_for_manual_init_REJECTED":{"runAfter":{"Update_Leave_form_as_REJECTED":["Succeeded"]},"metadata":{"flowSystemMetadata":{"swaggerOperationId":"SendEmail"}},"type":"ApiConnection","inputs":{"host":{"connection":{"name":"@parameters('$connections')['shared_office365_1']['connectionId']"},"api":{"runtimeUrl":"https://asia-001.azure-apim.net/apim/office365"}},"method":"post","body":{"To":"@{triggerBody()?['Staff']?['Email']};","Subject":"@{triggerBody()?['LeaveTypeName']} leave was rejected","Body":"Hi @{triggerBody()?['Staff']?['DisplayName']},<br>\n<br>\nYour @{triggerBody()?['LeaveTypeName']} leave with UID @{triggerBody()?['GPMUID']} was rejected by @{triggerBody()?['Editor']?['DisplayName']}.<br>\nApprover comment:<br>\n@{triggerBody()?['Notes']}<br>\n=================================<br>\nDates: @{formatDateTime(triggerBody()?['StartDate'], 'd-mm-yyyy')}, @{triggerBody()?['StartAMPM']?['Value']} >>> @{formatDateTime(triggerBody()?['EndDate'],'d-mm-yyyy')}, @{triggerBody()?['EndAMPM']?['Value']}<br>\nDescription:<br>\n@{triggerBody()?['Desc']}<br>\n<br>\n<br>\n<span title=\"Leave Application - Item Update\" style=\"color:red;\">(do NOT reply this email)</span><br>\n","IsHtml":true},"path":"/Mail","authentication":"@parameters('$authentication')"}},"Create_Approval_log_DECLINED":{"runAfter":{"Notify_Staff_for_manual_init_REJECTED":["Succeeded"]},"metadata":{"flowSystemMetadata":{"swaggerOperationId":"PostItem"}},"type":"ApiConnection","inputs":{"host":{"connection":{"name":"@parameters('$connections')['shared_sharepointonline_1']['connectionId']"},"api":{"runtimeUrl":"https://asia-001.azure-apim.net/apim/sharepointonline"}},"method":"post","body":{"Title":"@triggerBody()?['GPMUID']","LeaveApplicationID":"@triggerBody()?['ID']","Desc":"Approval via app. REJECTED by @{body('Update_Leave_form_as_REJECTED')?['Editor']?['DisplayName']}.","DateModified":"@variables('varApprovalDate')","ModifiedBy":{"Claims":"@triggerBody()?['Editor']?['Claims']"},"ApprovedBy":{"Claims":"@triggerBody()?['Editor']?['Claims']"},"ManualApprove":true,"Result":"DECLINED"},"path":"/datasets/@{encodeURIComponent(encodeURIComponent('https://allotech.sharepoint.com/sites/Apps/eLeave'))}/tables/@{encodeURIComponent(encodeURIComponent('fb8749a4-2e29-46cf-bb95-2d8e5c443a73'))}/items","authentication":"@parameters('$authentication')"}}}},"Case_APPROVED_BY_CEO":{"case":"APPROVED BY CEO","actions":{"Set_varBalance":{"runAfter":{"Set_varLeaveBalNewValue":["Succeeded"]},"type":"SetVariable","inputs":{"name":"varBalance","value":"@body('Get_Staff_Directory_after_manual_update')?['value']?[0]?['Balance']"}},"Set_varLeaveTakenNewValue":{"runAfter":{"Set_varBalance":["Succeeded"]},"type":"SetVariable","inputs":{"name":"varLeaveTakenNewValue","value":"@add(triggerBody()?['LeaveDays'],body('Get_Staff_Directory_after_manual_update')?['value']?[0]?['Taken'])"},"description":"Add leave form leave days to Staff Directory taken."},"Set_varTaken":{"runAfter":{"Set_varLeaveTakenNewValue":["Succeeded"]},"type":"SetVariable","inputs":{"name":"varTaken","value":"@body('Get_Staff_Directory_after_manual_update')?['value']?[0]?['Taken']"}},"Update_item":{"runAfter":{"Set_varTaken":["Succeeded"]},"metadata":{"flowSystemMetadata":{"swaggerOperationId":"PatchItem"}},"type":"ApiConnection","inputs":{"host":{"connection":{"name":"@parameters('$connections')['shared_sharepointonline_1']['connectionId']"},"api":{"runtimeUrl":"https://asia-001.azure-apim.net/apim/sharepointonline"}},"method":"patch","body":{"Title":"@triggerBody()?['Title']","StartDate":"@triggerBody()?['StartDate']","EndDate":"@triggerBody()?['EndDate']","LeaveDays":"@triggerBody()?['LeaveDays']","StaffDirectoryID":"@triggerBody()?['StaffDirectoryID']","LeaveTypeID":"@triggerBody()?['LeaveTypeID']","LeaveTypeName":"@triggerBody()?['LeaveTypeName']","GPMUID":"@triggerBody()?['GPMUID']","Desc":"@triggerBody()?['Desc']","StartAMPM":{"Value":"@triggerBody()?['StartAMPM']?['Value']"},"EndAMPM":{"Value":"@triggerBody()?['EndAMPM']?['Value']"},"Notes":"@triggerBody()?['Notes']","Status":{"Value":"APPROVED BY CEO"},"Approver":{"Claims":"@triggerBody()?['Approver']?['Claims']"},"Staff":{"Claims":"@triggerBody()?['Staff']?['Claims']"},"WFStatus":{"Value":"APPROVED"},"CancellRequested":false,"CancellationStatus":{"Value":"NONE"},"Emergency":"@triggerBody()?['Emergency']","DateApproved":"@{utcNow()}"},"path":"/datasets/@{encodeURIComponent(encodeURIComponent('https://allotech.sharepoint.com/sites/Apps/eLeave'))}/tables/@{encodeURIComponent(encodeURIComponent('554129a2-cd0c-4925-9243-73334f44b880'))}/items/@{encodeURIComponent(triggerBody()?['ID'])}","authentication":"@parameters('$authentication')"}},"Create_Approval_log_APPROVED":{"runAfter":{"Loop_for_Get_Staff_Dir_after_mupdate":["Succeeded"]},"metadata":{"flowSystemMetadata":{"swaggerOperationId":"PostItem"}},"type":"ApiConnection","inputs":{"host":{"connection":{"name":"@parameters('$connections')['shared_sharepointonline_1']['connectionId']"},"api":{"runtimeUrl":"https://asia-001.azure-apim.net/apim/sharepointonline"}},"method":"post","body":{"Title":"@triggerBody()?['GPMUID']","LeaveApplicationID":"@triggerBody()?['ID']","Desc":"Approval completed via PowerApps application.\nCurrent balance: @{variables('varBalance')}\nCurrent taken   : @{variables('varTaken')}\nNew balance    : @{variables('varLeaveBalNewValue')}\nTotal taken       : @{variables('varLeaveTakenNewValue')}","DateModified":"@{utcNow()}","ModifiedBy":{"Claims":"@triggerBody()?['Editor']?['Claims']"},"ApprovedBy":{"Claims":"@triggerBody()?['Editor']?['Claims']"},"ManualApprove":true,"Result":"APPROVED"},"path":"/datasets/@{encodeURIComponent(encodeURIComponent('https://allotech.sharepoint.com/sites/Apps/eLeave'))}/tables/@{encodeURIComponent(encodeURIComponent('fb8749a4-2e29-46cf-bb95-2d8e5c443a73'))}/items","authentication":"@parameters('$authentication')"}},"Send_email_to_staff__-_CEO_Approved":{"runAfter":{"Create_Approval_log_APPROVED":["Succeeded"]},"metadata":{"flowSystemMetadata":{"swaggerOperationId":"SendEmailV2"}},"type":"ApiConnection","inputs":{"host":{"connection":{"name":"@parameters('$connections')['shared_office365_1']['connectionId']"},"api":{"runtimeUrl":"https://asia-001.azure-apim.net/apim/office365"}},"method":"post","body":{"To":"@triggerBody()?['Staff']?['Email']","Subject":"Your @{triggerBody()?['LeaveTypeName']} leave has been approved by CEO [GUID: @{triggerBody()?['GPMUID']}","Body":"<p>Hi @{triggerBody()?['Staff']?['DisplayName']},<br>\n<br>\nYour @{triggerBody()?['LeaveTypeName']} leave was approved by @{variables('varApprover')}.<br>\n<br>\n<strong>Leave details</strong><br>\nDates: @{formatDateTime(triggerBody()?['StartDate'], 'd MMM yyyy')}, @{triggerBody()?['StartAMPM']?['Value']} &gt;&gt;&gt; @{formatDateTime(triggerBody()?['EndDate'], 'd MMM yyyy')}, @{triggerBody()?['EndAMPM']?['Value']}<br>\n...<br>\nDescription:<br>\n@{triggerBody()?['Desc']}<br>\n<br>\n...<br>\nNew balance: @{variables('varLeaveBalNewValue')} day(s)<br>\nNew taken &nbsp;&nbsp;: @{variables('varLeaveTakenNewValue')} day(s)<br>\n<br>\n<br>\n<span style=\"color: rgb(184,49,47)\">(do NOT reply to this email)</span></p>"},"path":"/v2/Mail","authentication":"@parameters('$authentication')"}},"Loop_for_Get_Staff_Dir_after_mupdate":{"foreach":"@body('Get_Staff_Directory_after_manual_update')?['value']","actions":{"Update_item_2":{"runAfter":{},"metadata":{"flowSystemMetadata":{"swaggerOperationId":"PatchItem"}},"type":"ApiConnection","inputs":{"host":{"connection":{"name":"@parameters('$connections')['shared_sharepointonline_1']['connectionId']"},"api":{"runtimeUrl":"https://asia-001.azure-apim.net/apim/sharepointonline"}},"method":"patch","body":{"UID":"@items('Loop_for_Get_Staff_Dir_after_mupdate')?['UID']","Title":"@items('Loop_for_Get_Staff_Dir_after_mupdate')?['Title']","Balance":"@variables('varLeaveBalNewValue')","Taken":"@variables('varLeaveTakenNewValue')","CarryOver":"@items('Loop_for_Get_Staff_Dir_after_mupdate')?['CarryOver']","Year":"@items('Loop_for_Get_Staff_Dir_after_mupdate')?['Year']","SpecifyApprover":"@items('Loop_for_Get_Staff_Dir_after_mupdate')?['SpecifyApprover']","PastDateBooking":"@items('Loop_for_Get_Staff_Dir_after_mupdate')?['PastDateBooking']","Active":true,"Payout":0,"CutoffDone":false,"LeaveType":{"Id":"@items('Loop_for_Get_Staff_Dir_after_mupdate')?['LeaveType']?['Id']"},"Staff":{"Claims":"@items('Loop_for_Get_Staff_Dir_after_mupdate')?['Staff']?['Claims']"}},"path":"/datasets/@{encodeURIComponent(encodeURIComponent('https://allotech.sharepoint.com/sites/Apps/eLeave'))}/tables/@{encodeURIComponent(encodeURIComponent('29eb481f-26cf-4bd0-a9a9-be050e18436e'))}/items/@{encodeURIComponent(items('Loop_for_Get_Staff_Dir_after_mupdate')?['ID'])}","authentication":"@parameters('$authentication')"}}},"runAfter":{"Update_item":["Succeeded"]},"type":"Foreach"},"Get_Staff_Directory_after_manual_update":{"runAfter":{},"metadata":{"flowSystemMetadata":{"swaggerOperationId":"GetItems"}},"type":"ApiConnection","inputs":{"host":{"connection":{"name":"@parameters('$connections')['shared_sharepointonline_1']['connectionId']"},"api":{"runtimeUrl":"https://asia-001.azure-apim.net/apim/sharepointonline"}},"method":"get","path":"/datasets/@{encodeURIComponent(encodeURIComponent('https://allotech.sharepoint.com/sites/Apps/eLeave'))}/tables/@{encodeURIComponent(encodeURIComponent('29eb481f-26cf-4bd0-a9a9-be050e18436e'))}/items","queries":{"$filter":"ID eq @{triggerBody()?['StaffDirectoryID']}","$top":1},"authentication":"@parameters('$authentication')"}},"Set_varLeaveBalNewValue":{"runAfter":{"Get_Staff_Directory_after_manual_update":["Succeeded"]},"type":"SetVariable","inputs":{"name":"varLeaveBalNewValue","value":"@sub(body('Get_Staff_Directory_after_manual_update')?['value']?[0]?['Balance'],triggerBody()?['LeaveDays'])"},"description":"Deduct leave form leave days to Staff Directory balance."}}}},"default":{"actions":{}},"expression":"@triggerBody()?['WFStatus']?['Value']","type":"Switch","description":"STAFF CANCELLED = staff cancelled a pending or approved form via app. INITIAL APPROVED/DECLINED = first approval approved or declined the form via app not from the email."}},"runAfter":{},"expression":{"or":[{"equals":["@triggerBody()?['WFStatus']?['Value']","INITIAL APPROVED"]},{"equals":["@triggerBody()?['WFStatus']?['Value']","INITIAL DECLINED"]},{"equals":["@triggerBody()?['WFStatus']?['Value']","STAFF CANCELLED"]},{"equals":["@triggerBody()?['WFStatus']?['Value']","APPROVED BY CEO"]}]},"type":"If","description":"If not PENDING. Means already approved or declined/cancelled by the approver or Staff  via email or app."}},"runAfter":{"Initialize_varProceedCancel":["Succeeded"]},"expression":{"less":["@triggerBody()?['Created']","@triggerBody()?['Modified']"]},"type":"If","description":"If Created is less than Modified, an update was done. But if Created is greater or equals Modified, this item was not modified yet. This is because Flow does not have trigger for item-update only."}},"description":"Select or paste in the SharePoint site URL and select the list you want to monitor for changes. When someone changes the an item on the selected list, send an email notification to one or more people."},"connectionReferences":{"shared_approvals":{"connectionName":"1e53c850470743b5ae5053b2b512a35d","source":"Embedded","id":"/providers/Microsoft.PowerApps/apis/shared_approvals","tier":"NotSpecified"},"shared_sharepointonline_1":{"connectionName":"d1a19ffe449b4ed88843c3a2256f11e9","source":"Embedded","id":"/providers/Microsoft.PowerApps/apis/shared_sharepointonline","tier":"NotSpecified"},"shared_office365_1":{"connectionName":"1e4542ac7ba6483cb77d8a6ca3e2b001","source":"Embedded","id":"/providers/Microsoft.PowerApps/apis/shared_office365","tier":"NotSpecified"}},"flowFailureAlertSubscribed":false}}