{"name":"658c8845-d5de-45b6-9d11-bbacfe413776","id":"/providers/Microsoft.Flow/flows/658c8845-d5de-45b6-9d11-bbacfe413776","type":"Microsoft.Flow/flows","properties":{"apiId":"/providers/Microsoft.PowerApps/apis/shared_logicflows","displayName":"Multi Leave Assignment WCT","definition":{"metadata":{"workflowEntityId":null,"creator":{"id":"e8604e7c-586c-4c98-8b3c-566181342c4f","type":"User","tenantId":"a87e6ba4-d7ec-4ef4-991c-fe8f3fba3243"},"provisioningMethod":"FromDefinition","failureAlertSubscription":true,"clientLastModifiedTime":"2020-03-26T08:05:47.9290634Z"},"$schema":"https://schema.management.azure.com/providers/Microsoft.Logic/schemas/2016-06-01/workflowdefinition.json#","contentVersion":"1.0.0.0","parameters":{"$connections":{"defaultValue":{},"type":"Object"},"$authentication":{"defaultValue":{},"type":"SecureObject"}},"triggers":{"When_an_item_is_created_in_Multi_Leave_Assignment_list":{"recurrence":{"frequency":"Minute","interval":5},"splitOn":"@triggerBody()?['value']","metadata":{"flowSystemMetadata":{"swaggerOperationId":"GetOnNewItems"}},"type":"ApiConnection","inputs":{"host":{"connection":{"name":"@parameters('$connections')['shared_sharepointonline_2']['connectionId']"},"api":{"runtimeUrl":"https://asia-001.azure-apim.net/apim/sharepointonline"}},"method":"get","path":"/datasets/@{encodeURIComponent(encodeURIComponent('https://allotech.sharepoint.com/sites/Apps/eLeave'))}/tables/@{encodeURIComponent(encodeURIComponent('c3ea3b30-9d69-4651-8512-1231fafff062'))}/onnewitems","authentication":"@parameters('$authentication')"}}},"actions":{"Initialize_varUserEmail":{"runAfter":{"Initialize_varUserID":["Succeeded"]},"type":"InitializeVariable","inputs":{"variables":[{"name":"varUserEmail","type":"String"}]}},"Initialize_varUserName":{"runAfter":{"Initialize_varUserEmail":["Succeeded"]},"type":"InitializeVariable","inputs":{"variables":[{"name":"varUserName","type":"String"}]}},"Initialize_varYear":{"runAfter":{"Initialize_varGender":["Succeeded"]},"type":"InitializeVariable","inputs":{"variables":[{"name":"varYear","type":"Float"}]}},"Initialize_varExpDate":{"runAfter":{"Initialize_varYear":["Succeeded"]},"type":"InitializeVariable","inputs":{"variables":[{"name":"varExpDate","type":"String"}]}},"Initialize_varLeaveName":{"runAfter":{"Initialize_varExpDate":["Succeeded"]},"type":"InitializeVariable","inputs":{"variables":[{"name":"varLeaveName","type":"String"}]}},"Initialize_varLeaveID":{"runAfter":{"Initialize_varLeaveName":["Succeeded"]},"type":"InitializeVariable","inputs":{"variables":[{"name":"varLeaveID","type":"Integer"}]}},"Initialize_varLeaveBalance":{"runAfter":{"Initialize_varLeaveID":["Succeeded"]},"type":"InitializeVariable","inputs":{"variables":[{"name":"varLeaveBalance","type":"Float"}]}},"Initialize_varEntitlement":{"runAfter":{"Initialize_varApproveCancellation":["Succeeded"]},"type":"InitializeVariable","inputs":{"variables":[{"name":"varEntitlement","type":"Float"}]}},"Get_eLeave_config":{"runAfter":{"Initialize_varMinSY":["Succeeded"]},"metadata":{"flowSystemMetadata":{"swaggerOperationId":"GetItems"}},"type":"ApiConnection","inputs":{"host":{"connection":{"name":"@parameters('$connections')['shared_sharepointonline_3']['connectionId']"},"api":{"runtimeUrl":"https://asia-001.azure-apim.net/apim/sharepointonline"}},"method":"get","path":"/datasets/@{encodeURIComponent(encodeURIComponent('https://allotech.sharepoint.com/sites/Apps/eLeave'))}/tables/@{encodeURIComponent(encodeURIComponent('d35db792-2ec0-4c7f-9c8f-c37c95a474cc'))}/items","authentication":"@parameters('$authentication')"}},"For_each_Users_selected":{"foreach":"@triggerBody()?['MultiAppUsers']","actions":{"Get_user_info_from_Leave_App_Users":{"runAfter":{},"metadata":{"flowSystemMetadata":{"swaggerOperationId":"GetItems"}},"type":"ApiConnection","inputs":{"host":{"connection":{"name":"@parameters('$connections')['shared_sharepointonline_3']['connectionId']"},"api":{"runtimeUrl":"https://asia-001.azure-apim.net/apim/sharepointonline"}},"method":"get","path":"/datasets/@{encodeURIComponent(encodeURIComponent('https://allotech.sharepoint.com/sites/Apps/eLeave'))}/tables/@{encodeURIComponent(encodeURIComponent('66785e67-f61b-4814-bdca-5a84ad38be90'))}/items","queries":{"$filter":"ID eq @{items('For_each_Users_selected')?['Id']}","$orderby":"ID desc","$top":1},"authentication":"@parameters('$authentication')"}},"Staff_info":{"foreach":"@body('Get_user_info_from_Leave_App_Users')?['value']","actions":{"Set_varUserName":{"runAfter":{},"type":"SetVariable","inputs":{"name":"varUserName","value":"@items('Staff_info')?['Staff']?['DisplayName']"}},"Set_varUserEmail":{"runAfter":{"Set_varUserName":["Succeeded"]},"type":"SetVariable","inputs":{"name":"varUserEmail","value":"@items('Staff_info')?['Staff']?['Email']"}},"Set_varYoS":{"runAfter":{"Set_varJobLevel":["Succeeded"]},"type":"SetVariable","inputs":{"name":"varYoS","value":"@float(items('Staff_info')?['YoS'])"}},"Set_varEmpType":{"runAfter":{"Set_varYoS":["Succeeded"]},"type":"SetVariable","inputs":{"name":"varEmpType","value":"@items('Staff_info')?['EmploymentType']?['Value']"},"description":"To limit assignment to full time staff, use EmploymentType Value from Staff Info loop. Else, hardcode custom values."},"Set_varGender":{"runAfter":{"Set_varEmpType":["Succeeded"]},"type":"SetVariable","inputs":{"name":"varGender","value":"@items('Staff_info')?['Gender']?['Value']"}},"Set_varJobLevel":{"runAfter":{"Set_varUserEmail":["Succeeded"]},"type":"SetVariable","inputs":{"name":"varJobLevel","value":"@{items('Staff_info')?['JobLevel']?['Id']}"}}},"runAfter":{"Get_user_info_from_Leave_App_Users":["Succeeded"]},"type":"Foreach"},"Employment_type_is_=_Full_Time":{"actions":{"For_each_selected_leave_types":{"foreach":"@triggerBody()?['MultiLeaveTypes']","actions":{"If_Leave_name_is_Maternity":{"actions":{"If_Gender_is_FEMALE":{"actions":{"Set_varProceed_for_FEMALE_Maternity":{"runAfter":{},"type":"SetVariable","inputs":{"name":"varProceed","value":true}}},"runAfter":{},"else":{"actions":{"Set_varProceed_MALE_Maternity":{"runAfter":{},"type":"SetVariable","inputs":{"name":"varProceed","value":false}}}},"expression":{"equals":["@variables('varGender')","FEMALE"]},"type":"If"}},"runAfter":{},"else":{"actions":{"Set_varProceed_NOT_Maternity":{"runAfter":{},"type":"SetVariable","inputs":{"name":"varProceed","value":true}}}},"expression":{"equals":["@items('For_each_selected_leave_types')?['Value']","Maternity"]},"type":"If","description":"If current leave type is Maternity, check if current user is Male or Female."},"If_Proceed_is_TRUE":{"actions":{"Get_leave_type_info":{"runAfter":{},"metadata":{"flowSystemMetadata":{"swaggerOperationId":"GetItems"}},"type":"ApiConnection","inputs":{"host":{"connection":{"name":"@parameters('$connections')['shared_sharepointonline_3']['connectionId']"},"api":{"runtimeUrl":"https://asia-001.azure-apim.net/apim/sharepointonline"}},"method":"get","path":"/datasets/@{encodeURIComponent(encodeURIComponent('https://allotech.sharepoint.com/sites/Apps/eLeave'))}/tables/@{encodeURIComponent(encodeURIComponent('6196926a-2cc6-4909-8d3a-858f459c2e7f'))}/items","queries":{"$filter":"ID eq @{items('For_each_selected_leave_types')?['Id']}","$orderby":"ID desc","$top":1},"authentication":"@parameters('$authentication')"}},"Leave_type_info":{"foreach":"@body('Get_leave_type_info')?['value']","actions":{"Set_varPastDateBooking":{"runAfter":{"Set_varApproveCancellation":["Succeeded"]},"type":"SetVariable","inputs":{"name":"varPastDateBooking","value":"@items('Leave_type_info')?['PastDateBooking']"}},"Set_varSpecifyApprover":{"runAfter":{"Set_varPastDateBooking":["Succeeded"]},"type":"SetVariable","inputs":{"name":"varSpecifyApprover","value":"@items('Leave_type_info')?['SpecifyApprover']"}},"Set_varDaysInAdv":{"runAfter":{"Set_varSpecifyApprover":["Succeeded"]},"type":"SetVariable","inputs":{"name":"varDaysInAdv","value":"@items('Leave_type_info')?['DaysAfter']"}},"Set_varApproveCancellation":{"runAfter":{},"type":"SetVariable","inputs":{"name":"varApproveCancellation","value":"@items('Leave_type_info')?['ApproveCancellation']"}},"Set_varLeaveName":{"runAfter":{"Set_varDaysInAdv":["Succeeded"]},"type":"SetVariable","inputs":{"name":"varLeaveName","value":"@items('Leave_type_info')?['Title']"}},"Set_varLeaveID":{"runAfter":{"Set_varLeaveName":["Succeeded"]},"type":"SetVariable","inputs":{"name":"varLeaveID","value":"@items('Leave_type_info')?['ID']"}}},"runAfter":{"Get_leave_type_info":["Succeeded"]},"type":"Foreach"},"Get_user_profile":{"runAfter":{"Use_Entitlement_list_(if_JobLevel_present)":["Succeeded"]},"metadata":{"flowSystemMetadata":{"swaggerOperationId":"HttpRequest"}},"type":"ApiConnection","inputs":{"host":{"connection":{"name":"@parameters('$connections')['shared_sharepointonline_3']['connectionId']"},"api":{"runtimeUrl":"https://asia-001.azure-apim.net/apim/sharepointonline"}},"method":"post","body":{"method":"GET","uri":"/_api/Web/SiteUsers?$filter=Email eq '@{variables('varUserEmail')}'","headers":{"Accept":"application/json;odata=verbose","Content-Type":"application/json;odata=verbose"}},"path":"/datasets/@{encodeURIComponent(encodeURIComponent('https://allotech.sharepoint.com/sites/Apps/eLeave'))}/httprequest","authentication":"@parameters('$authentication')"}},"Parse_Get_user_profile":{"runAfter":{"Get_user_profile":["Succeeded"]},"type":"ParseJson","inputs":{"content":"@body('Get_user_profile')","schema":{"d":{"results":[{"__metadata":{"id":"https://srkk.sharepoint.com/sites/Apps/eLeave/_api/Web/GetUserById(11)","uri":"https://srkk.sharepoint.com/sites/Apps/eLeave/_api/Web/GetUserById(11)","type":"SP.User"},"Alerts":{"__deferred":{"uri":"https://srkk.sharepoint.com/sites/Apps/eLeave/_api/Web/GetUserById(11)/Alerts"}},"Groups":{"__deferred":{"uri":"https://srkk.sharepoint.com/sites/Apps/eLeave/_api/Web/GetUserById(11)/Groups"}},"Id":11,"IsHiddenInUI":false,"LoginName":"i:0#.f|membership|jefferson@srkk.com","Title":"Jefferson Mendoza","PrincipalType":1,"Email":"jefferson@srkk.com","IsEmailAuthenticationGuestUser":false,"IsShareByEmailGuestUser":false,"IsSiteAdmin":true,"UserId":{"__metadata":{"type":"SP.UserIdInfo"},"NameId":"10030000956be422","NameIdIssuer":"urn:federation:microsoftonline"},"UserPrincipalName":"jefferson@srkk.com"}]}}}},"Set_varUserID":{"runAfter":{"Parse_Get_user_profile":["Succeeded"]},"type":"SetVariable","inputs":{"name":"varUserID","value":"@body('Parse_Get_user_profile')?['d']?['results']?[0]?['Id']"}},"Get_active_annual_ass_with_same_year":{"runAfter":{"Set_varUserID":["Succeeded"]},"metadata":{"flowSystemMetadata":{"swaggerOperationId":"GetItems"}},"type":"ApiConnection","inputs":{"host":{"connection":{"name":"@parameters('$connections')['shared_sharepointonline_3']['connectionId']"},"api":{"runtimeUrl":"https://asia-001.azure-apim.net/apim/sharepointonline"}},"method":"get","path":"/datasets/@{encodeURIComponent(encodeURIComponent('https://allotech.sharepoint.com/sites/Apps/eLeave'))}/tables/@{encodeURIComponent(encodeURIComponent('29eb481f-26cf-4bd0-a9a9-be050e18436e'))}/items","queries":{"$filter":"Year eq @{triggerBody()?['Year']} and (LeaveType/Title eq 'Annual' and (Active eq 1 and Staff/EMail eq '@{variables('varUserEmail')}'))"},"authentication":"@parameters('$authentication')"},"description":"Get active annual assignment with same year as this batch year. If got 1 or more, skip creating annual leave. Each user should have only 1 active annual leave per year"},"If_current_leave_type_is_Annual":{"actions":{"If_theres_an_active_annual_ass_with_year_same_as_this_batch":{"actions":{"Set_varProceed_to_TRUE_as_no_active_ann_match":{"runAfter":{},"type":"SetVariable","inputs":{"name":"varProceed","value":true}}},"runAfter":{},"else":{"actions":{"Set_varProceed_to_false_as_an_active_ann_ass_found":{"runAfter":{},"type":"SetVariable","inputs":{"name":"varProceed","value":false}}}},"expression":{"equals":["@variables('varActiveAnnualAssOfCurYear')",0]},"type":"If","description":"Check if there is already assigned active annual leave for the current user. Only one active annual leave assignment per year per user."}},"runAfter":{"Set_varActiveAnnualAssOfCurYear":["Succeeded"]},"expression":{"equals":["@items('For_each_selected_leave_types')?['Value']","Annual"]},"type":"If"},"Set_varActiveAnnualAssOfCurYear":{"runAfter":{"Get_active_annual_ass_with_same_year":["Succeeded"]},"type":"SetVariable","inputs":{"name":"varActiveAnnualAssOfCurYear","value":"@length(body('Get_active_annual_ass_with_same_year')?['value'])"}},"Use_Entitlement_list_(if_JobLevel_present)":{"actions":{"Get_Entitlement":{"runAfter":{},"metadata":{"flowSystemMetadata":{"swaggerOperationId":"GetItems"}},"type":"ApiConnection","inputs":{"host":{"connection":{"name":"@parameters('$connections')['shared_sharepointonline_3']['connectionId']"},"api":{"runtimeUrl":"https://asia-001.azure-apim.net/apim/sharepointonline"}},"method":"get","path":"/datasets/@{encodeURIComponent(encodeURIComponent('https://allotech.sharepoint.com/sites/Apps/eLeave'))}/tables/@{encodeURIComponent(encodeURIComponent('d5534159-c0f4-4648-8701-31440df9520f'))}/items","queries":{"$filter":"(LeaveTypeId eq @{variables('varLeaveID')}) and (JobLevel eq @{variables('varJobLevel')} or JobLevel eq null) and (MinSY le @{variables('varYoS')} and MaxSY gt @{variables('varYoS')})","$orderby":"ID desc","$top":1},"authentication":"@parameters('$authentication')"}},"Entitlement_info":{"foreach":"@body('Get_Entitlement')?['value']","actions":{"Set_varEntitlement_via_Entitlement_list":{"runAfter":{},"type":"SetVariable","inputs":{"name":"varEntitlement","value":"@items('Entitlement_info')?['Entitlement']"}},"Set_varEntitlementID":{"runAfter":{"Set_varEntitlement_via_Entitlement_list":["Succeeded"]},"type":"SetVariable","inputs":{"name":"varEntitlementID","value":"@items('Entitlement_info')?['ID']"}}},"runAfter":{"Get_Entitlement":["Succeeded"]},"type":"Foreach","description":"Set entitlement and entitlement id values based on item from Entitlement list."}},"runAfter":{"Leave_type_info":["Succeeded"]},"else":{"actions":{"Set_varEntitlement_as_calculated":{"runAfter":{},"type":"SetVariable","inputs":{"name":"varEntitlement","value":"@triggerBody()?['CalculatedEntitlement']"}},"Set_varEntitlementID_as_0":{"runAfter":{"Set_varEntitlement_as_calculated":["Succeeded"]},"type":"SetVariable","inputs":{"name":"varEntitlementID","value":0},"description":"Because the entitlement value was specified from the form NOT from the Entitlements list."}}},"expression":{"equals":["@triggerBody()?['UseEntitlementList']",true]},"type":"If"}},"runAfter":{"If_Leave_name_is_Maternity":["Succeeded"]},"expression":{"equals":["@variables('varProceed')",true]},"type":"If"},"Check_again_if_proceed_is_TRUE_after_checking_Annual_redundancy":{"actions":{"User_info":{"foreach":"@body('Get_user_info_from_Leave_App_Users')?['value']","actions":{"Create_Leave_Assignment_item":{"runAfter":{},"metadata":{"flowSystemMetadata":{"swaggerOperationId":"PostItem"}},"type":"ApiConnection","inputs":{"host":{"connection":{"name":"@parameters('$connections')['shared_sharepointonline_3']['connectionId']"},"api":{"runtimeUrl":"https://asia-001.azure-apim.net/apim/sharepointonline"}},"method":"post","body":{"UID":"@{variables('varUserID')}.@{variables('varLeaveID')}.@{triggerBody()?['Year']}","Title":"@{variables('varUserName')} @{variables('varLeaveName')}","DueDate":"@triggerBody()?['ExpDate']","Balance":"@variables('varEntitlement')","Taken":0,"CarryOver":0,"Year":"@triggerBody()?['Year']","SpecifyApprover":"@variables('varSpecifyApprover')","Entitlement":"@variables('varEntitlement')","PastDateBooking":"@variables('varPastDateBooking')","Active":true,"LeaveType":{"Id":"@variables('varLeaveID')"},"Staff":{"Claims":"@items('User_info')?['Staff']?['Claims']"}},"path":"/datasets/@{encodeURIComponent(encodeURIComponent('https://allotech.sharepoint.com/sites/Apps/eLeave'))}/tables/@{encodeURIComponent(encodeURIComponent('29eb481f-26cf-4bd0-a9a9-be050e18436e'))}/items","authentication":"@parameters('$authentication')"}},"Create_Leave_Assignment_log_item":{"runAfter":{"Create_Leave_Assignment_item":["Succeeded"]},"metadata":{"flowSystemMetadata":{"swaggerOperationId":"PostItem"}},"type":"ApiConnection","inputs":{"host":{"connection":{"name":"@parameters('$connections')['shared_sharepointonline_3']['connectionId']"},"api":{"runtimeUrl":"https://asia-001.azure-apim.net/apim/sharepointonline"}},"method":"post","body":{"Title":"@{variables('varUserName')} @{variables('varLeaveName')}","Desc":"New @{variables('varLeaveName')} leave assignment for year @{triggerBody()?['Year']}. Entitled days assigned is @{variables('varEntitlement')} based from Entitlement list.","LeaveAssignmentID":"@body('Create_Leave_Assignment_item')?['ID']","LeaveTypeName":"@variables('varLeaveName')","Year":"@triggerBody()?['Year']","Action":{"Value":"New"},"Staff":{"Claims":"@items('User_info')?['Staff']?['Claims']"},"EntitlementID":"@variables('varEntitlementID')"},"path":"/datasets/@{encodeURIComponent(encodeURIComponent('https://allotech.sharepoint.com/sites/Apps/eLeave'))}/tables/@{encodeURIComponent(encodeURIComponent('ff5f44ec-f47b-4b81-91e8-195b87bbf252'))}/items","authentication":"@parameters('$authentication')"}},"Notify_Staff":{"runAfter":{"Create_Leave_Assignment_log_item":["Succeeded"]},"metadata":{"flowSystemMetadata":{"swaggerOperationId":"SendEmail"}},"type":"ApiConnection","inputs":{"host":{"connection":{"name":"@parameters('$connections')['shared_office365_1']['connectionId']"},"api":{"runtimeUrl":"https://asia-001.azure-apim.net/apim/office365"}},"method":"post","body":{"To":"supersrkk@allo.my;srkksharepoint@allo.my","Subject":"Assignment of @{variables('varLeaveName')} leave","Body":"<div style='font-size:18px;'>\nHi @{variables('varUserName')},<br>\n<br>\nA new <i>@{variables('varLeaveName')}</i> leave entitlement (@{variables('varEntitlement')} day(s)) was created for your account for this year <b>@{triggerBody()?['Year']}</b>. Apply leave using our dedicated <a href=\"https://web.powerapps.com/apps/ff6e7738-2511-441b-b1f1-0fbc616652b8?tenantId=ac58a972-b23a-4cf7-a09e-ac384ce8a7ed\" target=\"_blank\">leave app</a>.<br>\n<br>\n<br>\n<small style='color:red;font-size:12px;'>(do NOT reply this email)</small>\n</div>","Bcc":"office365@srkk.com","IsHtml":true},"path":"/Mail","authentication":"@parameters('$authentication')"}}},"runAfter":{},"type":"Foreach","description":"In this User info loop, create the leave assignment item, log, and notify the Staff. Need to add condition to check if Annual assignment for target year already exist."}},"runAfter":{"If_Proceed_is_TRUE":["Succeeded"]},"expression":{"equals":["@variables('varProceed')",true]},"type":"If"}},"runAfter":{},"type":"Foreach","description":"Loop all selected leave types."}},"runAfter":{"Staff_info":["Succeeded"]},"expression":{"or":[{"equals":["@variables('varEmpType')","BAU (Full Time)"]},{"equals":["@variables('varEmpType')","NFCP (Contract)"]}]},"type":"If","description":"If current user employment type is = Full Time, proceed with leave assignment."}},"runAfter":{"eLeave_config_info":["Succeeded"]},"type":"Foreach"},"Initialize_varJobLevel":{"runAfter":{"Initialize_varUserName":["Succeeded"]},"type":"InitializeVariable","inputs":{"variables":[{"name":"varJobLevel","type":"string"}]}},"Initialize_varYoS":{"runAfter":{"Initialize_varJobLevel":["Succeeded"]},"type":"InitializeVariable","inputs":{"variables":[{"name":"varYoS","type":"Float"}]}},"Initialize_varEmpType":{"runAfter":{"Initialize_varYoS":["Succeeded"]},"type":"InitializeVariable","inputs":{"variables":[{"name":"varEmpType","type":"String"}]}},"Initialize_varGender":{"runAfter":{"Initialize_varEmpType":["Succeeded"]},"type":"InitializeVariable","inputs":{"variables":[{"name":"varGender","type":"String"}]}},"Initialize_varPastDateBooking":{"runAfter":{"Initialize_varLeaveBalance":["Succeeded"]},"type":"InitializeVariable","inputs":{"variables":[{"name":"varPastDateBooking","type":"Boolean","value":false}]}},"Initialize_varSpecifyApprover":{"runAfter":{"Initialize_varPastDateBooking":["Succeeded"]},"type":"InitializeVariable","inputs":{"variables":[{"name":"varSpecifyApprover","type":"Boolean","value":false}]}},"Initialize_varDaysInAdv":{"runAfter":{"Initialize_varSpecifyApprover":["Succeeded"]},"type":"InitializeVariable","inputs":{"variables":[{"name":"varDaysInAdv","type":"Float"}]}},"Initialize_varLimitPending":{"runAfter":{"Initialize_varDaysInAdv":["Succeeded"]},"type":"InitializeVariable","inputs":{"variables":[{"name":"varLimitPending","type":"Boolean","value":true}]}},"Initialize_varMaxPending":{"runAfter":{"Initialize_varLimitPending":["Succeeded"]},"type":"InitializeVariable","inputs":{"variables":[{"name":"varMaxPending","type":"Float"}]}},"Initialize_varApproveCancellation":{"runAfter":{"Initialize_varMaxPending":["Succeeded"]},"type":"InitializeVariable","inputs":{"variables":[{"name":"varApproveCancellation","type":"Boolean","value":true}]}},"Initialize_varProceed":{"runAfter":{"Initialize_varEntitlementID":["Succeeded"]},"type":"InitializeVariable","inputs":{"variables":[{"name":"varProceed","type":"Boolean","value":false}]}},"Initialize_varUserID":{"runAfter":{},"type":"InitializeVariable","inputs":{"variables":[{"name":"varUserID","type":"Integer"}]}},"Initialize_varEntitlementID":{"runAfter":{"Initialize_varEntitlement":["Succeeded"]},"type":"InitializeVariable","inputs":{"variables":[{"name":"varEntitlementID","type":"Integer"}]}},"Initialize_varCutoffMonth":{"runAfter":{"Initialize_varProceed":["Succeeded"]},"type":"InitializeVariable","inputs":{"variables":[{"name":"varCutoffMonth","type":"String"}]}},"Initialize_varCutoffDay":{"runAfter":{"Initialize_varCutoffMonth":["Succeeded"]},"type":"InitializeVariable","inputs":{"variables":[{"name":"varCutoffDay","type":"String"}]}},"eLeave_config_info":{"foreach":"@body('Get_eLeave_config')?['value']","actions":{"Set_varCutoffMonth":{"runAfter":{},"type":"SetVariable","inputs":{"name":"varCutoffMonth","value":"@items('eLeave_config_info')?['CutOffMonth']?['Value']"}},"Set_varCutoffDay":{"runAfter":{"Set_varCutoffMonth":["Succeeded"]},"type":"SetVariable","inputs":{"name":"varCutoffDay","value":"@{items('eLeave_config_info')?['CuOffDay']}"}},"Set_varHRAdminEmail":{"runAfter":{"Set_varCutoffDay":["Succeeded"]},"type":"SetVariable","inputs":{"name":"varHRAdminEmail","value":"@items('eLeave_config_info')?['HRAdmin']?['Email']"}}},"runAfter":{"Get_eLeave_config":["Succeeded"]},"type":"Foreach"},"Initialize_varHRAdminEmail":{"runAfter":{"Initialize_varCutoffDay":["Succeeded"]},"type":"InitializeVariable","inputs":{"variables":[{"name":"varHRAdminEmail","type":"String"}]}},"Initialize_varActiveAnnualAssOfCurYear":{"runAfter":{"Initialize_varHRAdminEmail":["Succeeded"]},"type":"InitializeVariable","inputs":{"variables":[{"name":"varActiveAnnualAssOfCurYear","type":"Integer","value":0}]}},"Initialize_varMaxSY":{"runAfter":{"Initialize_varActiveAnnualAssOfCurYear":["Succeeded"]},"type":"InitializeVariable","inputs":{"variables":[{"name":"varMaxSY","type":"integer"}]}},"Initialize_varMinSY":{"runAfter":{"Initialize_varMaxSY":["Succeeded"]},"type":"InitializeVariable","inputs":{"variables":[{"name":"varMinSY","type":"integer"}]}}}},"connectionReferences":{"shared_sharepointonline_3":{"connectionName":"d1a19ffe449b4ed88843c3a2256f11e9","source":"Embedded","id":"/providers/Microsoft.PowerApps/apis/shared_sharepointonline","tier":"NotSpecified"},"shared_office365_1":{"connectionName":"1e4542ac7ba6483cb77d8a6ca3e2b001","source":"Embedded","id":"/providers/Microsoft.PowerApps/apis/shared_office365","tier":"NotSpecified"},"shared_sharepointonline_2":{"connectionName":"shared-sharepointonl-002b5cc2-6bbf-4414-9533-b707f5cab894","source":"Embedded","id":"/providers/Microsoft.PowerApps/apis/shared_sharepointonline","tier":"NotSpecified"}},"flowFailureAlertSubscribed":false}}